timestamp,spot,windSpeed,swellPeriod,windDirection,waveHeight
2024-04-11,Carcavelos,14.363502971184062,15.50714306409916,E,2.9110477050925665
2024-04-11,Guincho,16.14581882133978,6.999749158180029,E,2.4178008938647184
2024-04-11,Costa da Caparica,26.654403644373375,12.011150117432088,NW,2.889049555027476
2024-04-12,Carcavelos,23.04996930667062,15.385527090157504,NE,3.2403006203015026
2024-04-12,Guincho,9.545624180177516,7.834045098534338,SE,1.7673522668459047
2024-04-12,Costa da Caparica,14.996524292881388,6.4666566321361545,SE,1.7681540037766812
2024-04-13,Carcavelos,14.159046082342291,10.56069984217036,W,1.8211233803877709
2024-04-13,Guincho,29.580772145169703,10.6676289324798,S,3.4918957879206256
2024-04-13,Costa da Caparica,20.18862129753596,7.705241236872915,W,1.671939303845062
2024-04-14,Carcavelos,5.399156305505355,8.30893825622149,SE,1.936678724365968
2024-04-14,Guincho,16.003812343490033,7.220382348447789,S,1.9117775696162185
2024-04-14,Costa da Caparica,14.77651518933102,7.822360877880623,SE,2.133731237406822
2024-04-15,Carcavelos,12.792776902235277,11.200680211778108,NE,2.12126715083732
2024-04-15,Guincho,26.057119364874964,10.497541333697656,NE,2.8726072851661018
2024-04-15,Costa da Caparica,27.37068376069122,11.978999788110851,NW,3.290192029393276
2024-04-16,Carcavelos,18.020856500645596,15.61172024349349,S,2.4112398775863637
2024-04-16,Guincho,14.71693224223705,8.713490317738959,S,2.24544053393034
2024-04-16,Costa da Caparica,20.17585619216712,8.759991820225434,S,2.4105690331201437
2024-04-17,Carcavelos,25.054924518850992,6.745506436797708,W,1.8645938379603653
2024-04-17,Guincho,12.337204367950951,6.140798227150844,E,1.3209053994467426
2024-04-17,Costa da Caparica,22.67143359619043,13.290071680409874,N,3.172110925613797
2024-04-18,Carcavelos,21.27692563754861,15.149596755437807,N,3.130886576520653
2024-04-18,Guincho,20.58245317068895,9.308980248526492,NW,2.9007030690168145
2024-04-18,Costa da Caparica,21.648058915437417,11.912977877077273,SW,2.436531233117587
2024-04-19,Carcavelos,27.180318564408164,10.722149251619491,S,2.6511020011087427
2024-04-19,Guincho,11.4017080690331,6.404335895384314,W,1.945781449286268
2024-04-19,Costa da Caparica,15.68852545896374,6.254191267440952,S,1.9549921231254608
2024-04-20,Carcavelos,16.884255579552793,11.632755719763836,SE,2.473461975550105
2024-04-20,Guincho,27.689161848152324,8.49292229148875,S,2.308171382651824
2024-04-20,Costa da Caparica,28.571339263949525,11.98865466488536,E,3.184533525175563
2024-04-21,Carcavelos,9.030532181350113,15.29697652342573,S,2.298127656205878
2024-04-21,Guincho,16.413364262072754,8.184404372168336,SE,2.04425888127754
2024-04-21,Costa da Caparica,27.313974962249443,11.393422419156508,NE,2.9067534350447226
2024-04-22,Carcavelos,27.67071103864385,8.721322493846353,E,2.497188385042329
2024-04-22,Guincho,15.677694715656408,14.18014765922493,N,2.440808015336992
2024-04-22,Costa da Caparica,18.35223548438605,10.848299713589832,N,2.3504487796888283
2024-04-23,Carcavelos,7.996634183342071,9.37615171403628,W,1.6925100769453434
2024-04-23,Guincho,18.95255005043353,10.038361710580409,SW,2.2805151690601964
2024-04-23,Costa da Caparica,29.294552068024014,15.624472949421111,SW,3.8531930052550942
2024-04-24,Carcavelos,8.702173248834997,15.97740485048942,E,2.834345211701482
2024-04-24,Guincho,20.23910834949742,11.026790232288617,SW,2.590608240097986
2024-04-24,Costa da Caparica,20.85878361753409,12.807054515547668,S,2.7512305929382075
2024-04-25,Carcavelos,17.236319006939077,15.856504541106007,NW,2.7186783151930096
2024-04-25,Guincho,14.241361401535112,8.421599382774259,SW,2.10482582451217
2024-04-25,Costa da Caparica,14.19457831798133,12.323058305935795,SW,2.8074498778195998
2024-04-26,Carcavelos,24.958628124613774,7.5071754396542945,E,2.3818115429050737
2024-04-26,Guincho,9.662962759996356,6.407751415547639,SE,1.2948975899814248
2024-04-26,Costa da Caparica,22.778738310950445,14.095010461397154,SE,2.843747492511156
2024-04-27,Carcavelos,21.12931976023625,7.743664290049915,N,2.459236269313632
2024-04-27,Guincho,25.9427526476832,12.756901170392808,N,2.3319180899031617
2024-04-27,Costa da Caparica,7.836838031014727,15.246936182785628,SW,2.1082222606027528
2024-04-28,Carcavelos,9.373873177398403,15.821683433294355,SE,2.773234192712921
2024-04-28,Guincho,18.24126445890016,8.418522909004517,NW,2.2727628937654143
2024-04-28,Costa da Caparica,27.06590857973349,7.887071083413794,N,2.792481446931906
2024-04-29,Carcavelos,13.730239365316525,13.259556788702394,E,2.4268208568401666
2024-04-29,Guincho,27.194252469023997,14.509284487675128,N,3.6302288128724975
2024-04-29,Costa da Caparica,9.040717852365344,14.985541885270791,SE,1.8956491999960767
2024-04-30,Carcavelos,28.50333606144446,15.736638367553171,NE,3.8494200128627
2024-04-30,Guincho,9.020201285437466,11.48733789366586,SW,2.144941566683444
2024-04-30,Costa da Caparica,9.398131316933634,6.180753636155209,SW,1.5832674475064683
2024-05-01,Carcavelos,13.134992453981694,13.46491405118024,NW,2.7634098775100417
2024-05-01,Guincho,12.70151979630973,11.425402305548992,E,2.565140371234376
2024-05-01,Costa da Caparica,14.192895076485838,8.652023676817254,SW,2.1696143936517123
2024-05-02,Carcavelos,17.16855382398638,15.06098787718554,E,2.882310864133832
2024-05-02,Guincho,24.87028258854121,11.026370931051922,SE,3.10118739716941
2024-05-02,Costa da Caparica,10.754631706038882,10.991933798847525,SE,2.2552269506261453
2024-05-03,Carcavelos,5.607899160786346,12.454722959071676,N,2.022392258011887
2024-05-03,Guincho,11.989008544918963,14.83494022266259,SE,2.6401240610465644
2024-05-03,Costa da Caparica,5.386415413221686,15.283185625877254,N,2.9333051969178072
2024-05-04,Carcavelos,29.508289592901143,6.753462560061282,S,3.1147217622926378
2024-05-04,Guincho,14.627443215048132,14.511366715168569,NW,1.987088357812915
2024-05-04,Costa da Caparica,14.867286670236805,14.442131407263114,E,2.6071719686852903
2024-05-05,Carcavelos,19.251529252234125,6.971764937707685,NW,1.8154369645349744
2024-05-05,Guincho,11.354091226743469,8.952905884189388,NE,2.37987599820009
2024-05-05,Costa da Caparica,23.51921544385511,12.97015740995268,E,3.107908724734644
2024-05-06,Carcavelos,12.412753591194962,10.197808564462765,NE,2.6740958391718133
2024-05-06,Guincho,26.676807964502597,15.132405525564714,NE,3.180297481449216
2024-05-06,Costa da Caparica,27.165428723766496,6.276167718737047,NE,2.4475677595228635
2024-05-07,Carcavelos,7.349548496021725,11.78280140996174,SW,1.7717338046005362
2024-05-07,Guincho,29.54602220776328,14.389335020693633,NE,3.279724660261257
2024-05-07,Costa da Caparica,5.762506248476235,6.373481887492144,SW,1.5317993767089249
2024-05-08,Carcavelos,13.16628104490102,14.278690037875888,SE,2.022089279496873
2024-05-08,Guincho,10.39552568742108,12.22890475819,SE,2.125246216565505
2024-05-08,Costa da Caparica,15.283847626416964,12.99512210767194,NW,2.6951113713145447
2024-05-09,Carcavelos,23.15228334306654,15.758520794625346,SE,2.841091956715049
2024-05-09,Guincho,23.601066074977883,8.508605273466612,NE,1.9337339662223465
2024-05-09,Costa da Caparica,29.066210366948127,14.35980120512206,N,3.278755642133603
2024-05-10,Carcavelos,27.88034319066201,10.423522297311044,NW,2.9835299457933284
2024-05-10,Guincho,18.73066661765301,13.145959227000624,NW,2.8062859079055813
2024-05-10,Costa da Caparica,17.917406435664166,12.571113285001667,S,2.826350790813025
2024-05-11,Carcavelos,20.293018655858805,10.1960006242779,SE,2.179179044837369
2024-05-11,Guincho,8.004116195141055,9.418796667164017,SE,1.9107766061425857
2024-05-11,Costa da Caparica,6.150066050543819,6.407288023189701,SW,1.2834562326368706
2024-05-12,Carcavelos,16.616845323490285,12.497736826427634,NE,2.909654825149699
2024-05-12,Guincho,20.39625245130541,12.350936508676437,NE,2.7554503567913176
2024-05-12,Costa da Caparica,18.48443621000156,12.83963769398141,NW,2.934966164435715
2024-05-13,Carcavelos,6.764218685010746,12.424192782063155,N,2.18385065187746
2024-05-13,Guincho,25.023732367059992,12.771683423829815,E,3.306224723601492
2024-05-13,Costa da Caparica,21.08220546105883,10.582528904915169,E,2.7462499679450336
2024-05-14,Carcavelos,25.5106710942817,12.51484771857788,E,3.367891021707652
2024-05-14,Guincho,9.89477836973241,6.693613008751655,W,1.5385475549986565
2024-05-14,Costa da Caparica,20.45634710844732,9.365542148887265,NE,2.4259459373366155
2024-05-15,Carcavelos,12.974390757344032,14.448753109694543,NE,2.222125593492152
2024-05-15,Guincho,17.400936357335155,12.928903586919391,NE,2.4155417782633752
2024-05-15,Costa da Caparica,20.7235711694971,14.77472013527053,SE,3.14824517421751
2024-05-16,Carcavelos,18.699297081202182,10.234709423081185,NW,2.434816291267886
2024-05-16,Guincho,25.1708684816816,15.905051420006734,NW,3.238719731288846
2024-05-16,Costa da Caparica,19.513600308597745,14.67116607209722,NW,2.7784795777518108
2024-05-17,Carcavelos,26.460318796075292,10.289940273750185,S,2.5932254307091185
2024-05-17,Guincho,14.443222154407373,11.343274735305634,SE,2.5936667780781755
2024-05-17,Costa da Caparica,25.661436652693546,9.200496010306118,E,2.820734000585068
2024-05-18,Carcavelos,21.91924761060758,10.825209496426424,NE,2.641125755894916
2024-05-18,Guincho,20.795930304244983,10.484455219783197,E,2.925304571698024
2024-05-18,Costa da Caparica,10.318197375605724,15.461945428816902,NW,3.205065968096142
2024-05-19,Carcavelos,24.740453569863845,6.912061030486903,NE,2.972328754305555
2024-05-19,Guincho,29.21629859935337,12.88030010175039,NE,3.370219808677965
2024-05-19,Costa da Caparica,20.455451582906527,7.011226761227903,W,1.7920567762779975
2024-05-20,Carcavelos,14.916290048856297,14.918969087767769,NE,2.622665153361164
2024-05-20,Guincho,7.033719516047494,6.84837714085192,E,1.8547314288416568
2024-05-20,Costa da Caparica,27.00899921596042,8.366851936820787,W,2.758380729966681
2024-05-21,Carcavelos,29.650026595571774,13.533781852589415,SW,3.28671993599864
2024-05-21,Guincho,14.44968975305636,13.050843642966598,NE,3.085802268185228
2024-05-21,Costa da Caparica,27.6588596273684,7.111974823061513,E,2.421880029032268
2024-05-22,Carcavelos,19.286825630125264,13.409738609106682,NW,2.357722844779277
2024-05-22,Guincho,7.938156169427621,12.492103021160636,N,1.8148515740233049
2024-05-22,Costa da Caparica,15.00557232180062,10.777148908802276,N,2.556465059359538
2024-05-23,Carcavelos,26.714978204736507,8.235958385194525,SW,2.090320582701401
2024-05-23,Guincho,6.085019582454319,15.24643330223596,SE,2.508622307095054
2024-05-23,Costa da Caparica,6.844914118384971,11.538542844013207,SE,1.7855559575622892
2024-05-24,Carcavelos,29.895784375734262,12.969250558638148,E,3.001580958270238
2024-05-24,Guincho,27.528950262274723,6.454463803414579,SE,2.259225357045606
2024-05-24,Costa da Caparica,13.39150161992408,7.696799038955655,SE,1.8688004848149773
2024-05-25,Carcavelos,16.592460123499556,9.533522280260527,NE,2.0435046687915706
2024-05-25,Guincho,11.498746571356566,10.53240846828831,W,1.7268247282541456
2024-05-25,Costa da Caparica,18.40240915860301,9.09527616286328,SE,1.8752756210716075
2024-05-26,Carcavelos,8.329628130593743,6.762003795991632,SW,1.7965796868778758
2024-05-26,Guincho,28.7449978322981,13.2571950838836,W,3.305584427578536
2024-05-26,Costa da Caparica,9.120856528425024,10.112551165853692,SW,2.278445482490008
2024-05-27,Carcavelos,25.263833269545824,15.872761293149445,N,3.76218113175641
2024-05-27,Guincho,14.824736224471478,14.291642207065143,N,2.467065204032073
2024-05-27,Costa da Caparica,25.958217617778445,10.686931597949702,E,2.9322089683667345
2024-05-28,Carcavelos,18.35865687573658,13.499107494699718,E,2.6225308856660097
2024-05-28,Guincho,18.885792640065688,13.689874151805103,S,2.6199944931334107
2024-05-28,Costa da Caparica,11.027120808240795,8.050453285065249,N,2.263192484511022
2024-05-29,Carcavelos,28.85127568146806,12.0617463445088,SW,3.249523041380532
2024-05-29,Guincho,6.172411694780498,8.686724820253072,W,1.825615852939281
2024-05-29,Costa da Caparica,21.78932988981999,11.203077009037932,SW,2.554400518653103
2024-05-30,Carcavelos,25.40964338032656,15.679737654398233,SW,3.606303543745808
2024-05-30,Guincho,26.916340066458627,10.03482866212397,NW,2.066663466630016
2024-05-30,Costa da Caparica,24.61670659860774,12.393613569742424,E,2.7736711017574063
2024-05-31,Carcavelos,10.324104037722767,7.363714755867697,SE,1.7687979397510545
2024-05-31,Guincho,20.916108040557063,11.548156085422256,E,2.772726357393322
2024-05-31,Costa da Caparica,27.60396736234371,9.482554670233004,SW,3.0882749899533257
2024-06-01,Carcavelos,12.44898628854876,11.236022760150112,N,2.214978760471962
2024-06-01,Guincho,28.73801559144105,7.470734809290379,NW,2.822195380770266
2024-06-01,Costa da Caparica,6.655899446296647,6.4586126640463295,SW,1.6544879201364855
2024-06-02,Carcavelos,17.31545234982174,9.28751610287508,E,1.7487340929196162
2024-06-02,Guincho,18.43158541785175,10.60119158983572,NW,2.7560800845543847
2024-06-02,Costa da Caparica,8.797567337807358,7.388271726494102,NW,1.846773252830994
2024-06-03,Carcavelos,15.291530358938203,14.743176048544171,E,2.465255645818478
2024-06-03,Guincho,21.68894346302568,7.723198712016298,NE,2.5415990405588387
2024-06-03,Costa da Caparica,13.627065695559669,9.476192144826836,SW,1.970355303610756
2024-06-04,Carcavelos,7.21756334392639,7.206358711006008,N,1.817324225010545
2024-06-04,Guincho,8.218709957491097,9.300995133101557,E,1.7548929819576946
2024-06-04,Costa da Caparica,5.982803496027474,13.994103989090426,N,2.235302223212272
2024-06-05,Carcavelos,8.924442067904844,9.772859652420726,N,2.5155463361180823
2024-06-05,Guincho,11.921941203680094,14.062012797930612,N,2.5557368677053853
2024-06-05,Costa da Caparica,18.414766149683317,15.240417591074332,SW,2.955470704546736
2024-06-06,Carcavelos,20.4563692882574,9.689136395697725,NW,2.415856312750544
2024-06-06,Guincho,8.693477297655667,7.331169285874783,E,1.7060211154706886
2024-06-06,Costa da Caparica,27.380170942179983,11.11677442115666,W,2.629755459077138
2024-06-07,Carcavelos,7.621729163312023,13.37405206093819,SE,1.7207641877431232
2024-06-07,Guincho,5.501779944443159,9.220791655831782,W,1.7197479465840926
2024-06-07,Costa da Caparica,10.83041028874503,9.429268642782604,N,1.7219447784780892
2024-06-08,Carcavelos,21.97755797861224,13.891712386073385,S,3.76004662317108
2024-06-08,Guincho,23.42056188487282,11.577422659504377,NW,2.641565341527505
2024-06-08,Costa da Caparica,15.791488655741984,7.275803027955638,N,2.230591015141111
2024-06-09,Carcavelos,20.18888055733932,8.443531554646546,E,2.2669837991918134
2024-06-09,Guincho,29.66288121982449,12.057748193568871,N,3.127047192661352
2024-06-09,Costa da Caparica,26.27043794590365,6.878876245401439,SW,1.8180243964921596
2024-06-10,Carcavelos,9.33433988236887,14.967654246264251,W,2.51567231749574
2024-06-10,Guincho,27.93489032713829,6.053000063976054,SW,2.7744061069272483
2024-06-10,Costa da Caparica,11.447570676123496,7.708875873900658,E,2.013168160351948
2024-06-11,Carcavelos,18.375918301122763,10.76619484126412,S,2.7449608520141293
2024-06-11,Guincho,24.23732332979842,7.870437485575234,SW,2.2260020300029084
2024-06-11,Costa da Caparica,23.406179592462205,11.298400231811168,N,2.9917360977555205
2024-06-12,Carcavelos,20.265501061040816,8.886305532402558,S,2.631181265875004
2024-06-12,Guincho,13.016054803987856,11.938830975578988,SW,2.347925287200202
2024-06-12,Costa da Caparica,13.415106954848014,7.344146769389742,W,1.4851053593773145
2024-06-13,Carcavelos,22.114288696995832,6.878681112426568,W,2.3624812853623904
2024-06-13,Guincho,22.037568055598232,13.602278598896866,E,3.679069744335096
2024-06-13,Costa da Caparica,24.857236249161563,7.066992501134361,S,2.2682367191320005
2024-06-14,Carcavelos,25.765485194693227,15.650269106665126,SW,3.2007793839330483
2024-06-14,Guincho,28.16123558974278,13.215965507512772,SE,2.857106175226756
2024-06-14,Costa da Caparica,26.0457194189568,7.397723766262895,N,2.770912534813565
2024-06-15,Carcavelos,25.62831691731993,7.864049867881441,E,2.7592108423604307
2024-06-15,Guincho,21.629930517405004,11.230654247691191,SE,2.9506356724852463
2024-06-15,Costa da Caparica,22.07455158542831,10.519486012990392,NW,2.143493033882175
2024-06-16,Carcavelos,14.42361073562269,10.626797856696063,SW,1.5859548084008084
2024-06-16,Guincho,19.437156772653143,9.55362451818396,W,2.880461255885411
2024-06-16,Costa da Caparica,14.597280534330284,11.435528611139889,NW,2.446021431050842
2024-06-17,Carcavelos,15.788203578411066,9.328157859124843,E,1.7630823418768615
2024-06-17,Guincho,13.372640366427152,7.392720726633873,W,1.9040808458382343
2024-06-17,Costa da Caparica,23.536522778476137,11.731508492573887,S,3.16629555293593
2024-06-18,Carcavelos,8.791871993318779,9.117220677955483,S,1.702257957659701
2024-06-18,Guincho,10.113614829236582,13.140640822236142,S,2.436098288144583
2024-06-18,Costa da Caparica,26.919140919043738,9.420817487159074,SW,2.1145979223559017
2024-06-19,Carcavelos,16.42500548204196,12.039578720725125,W,2.7279507651878343
2024-06-19,Guincho,24.93238414448884,7.499174273487737,W,2.92081201335694
2024-06-19,Costa da Caparica,5.305076807951113,11.98442701205227,SE,1.8216199073096504
2024-06-20,Carcavelos,18.568111083689907,8.517990589069527,S,1.9268689506437424
2024-06-20,Guincho,15.589921560512073,8.87929616475726,E,1.9633472183431573
2024-06-20,Costa da Caparica,8.833785077902006,11.862298320167971,SW,2.047268832873345
2024-06-21,Carcavelos,23.152389651560014,11.929629052588217,SE,2.718623101552197
2024-06-21,Guincho,19.12832958973022,12.966508238768922,NW,2.5722729617718088
2024-06-21,Costa da Caparica,6.72303848418047,6.7732106548878726,SW,1.9040277401458396
2024-06-22,Carcavelos,28.359175369225373,15.255685129067764,W,3.3447451692512997
2024-06-22,Guincho,9.138012759182244,7.863208794941206,W,1.6021370834343998
2024-06-22,Costa da Caparica,28.02104706543431,14.698963620621283,W,3.5322785028559305
2024-06-23,Carcavelos,14.48264245963872,13.442496518432888,NE,2.160768320456607
2024-06-23,Guincho,25.07133621495029,6.046320230046028,N,2.2951938242395893
2024-06-23,Costa da Caparica,26.587953515323925,15.229602317984847,W,3.0680959713789075
2024-06-24,Carcavelos,13.673830047405692,13.375012481097484,N,2.3881487827344463
2024-06-24,Guincho,27.81873657197822,8.482264427571518,N,2.7639600591895723
2024-06-24,Costa da Caparica,17.459194318486993,10.189254495045478,NW,2.7035330089624763
2024-06-25,Carcavelos,11.939679315735454,8.20097214081097,NE,1.7076163713732635
2024-06-25,Guincho,21.588434300417767,7.780359668697514,SE,3.0404531698102915
2024-06-25,Costa da Caparica,26.515800447268347,11.350697189336586,NW,2.4720689581308006
2024-06-26,Carcavelos,17.554875258281065,11.953850173200438,S,2.164317699172104
2024-06-26,Guincho,24.994550551856737,9.49386999049333,SW,2.125738422673963
2024-06-26,Costa da Caparica,9.767193016591664,6.365496678480949,SW,1.715841018507852
2024-06-27,Carcavelos,12.351116980524289,13.140591997898282,NE,2.7815652977935743
2024-06-27,Guincho,18.1097567331895,10.40762746938228,NE,2.9237657805541497
2024-06-27,Costa da Caparica,7.574536983282888,9.343628113104822,W,1.8077125884060703
2024-06-28,Carcavelos,28.652886553340817,9.73309316279753,NE,2.9250436160573603
2024-06-28,Guincho,25.018744287153027,15.789314356159611,NW,3.6153228688564982
2024-06-28,Costa da Caparica,22.899305721184938,12.589239419101514,N,2.417132138910073
2024-06-29,Carcavelos,9.90282749233632,11.05507879106034,NW,2.2029457594059902
2024-06-29,Guincho,7.602714549614346,13.999160853731894,E,2.3230164486031635
2024-06-29,Costa da Caparica,23.020327407762665,14.053149673579052,NW,3.3498192323809155
2024-06-30,Carcavelos,23.05667329639148,14.556964681062858,E,3.0257872632452623
2024-06-30,Guincho,13.09975152766999,6.869250149503493,NE,1.5246532159038462
2024-06-30,Costa da Caparica,7.137713271361702,8.078862551460272,E,2.0749829951307106
2024-07-01,Carcavelos,27.7656000885076,12.247612710432511,E,3.400517423314402
2024-07-01,Guincho,11.485585835782311,9.79692408167267,W,2.4095347874096498
2024-07-01,Costa da Caparica,14.068947366648636,14.610680199747216,E,2.4635036302405493
2024-07-02,Carcavelos,28.71133267405392,13.636057941597608,NW,3.3490969724913238
2024-07-02,Guincho,29.634182806043366,10.710654526938145,NW,2.7599806505084827
2024-07-02,Costa da Caparica,15.630337611730836,6.224693083201174,SW,2.164908320975184
2024-07-03,Carcavelos,15.063751089924514,8.180231074940865,SW,2.388348141997205
2024-07-03,Guincho,25.87325591998248,15.84402180703552,NE,3.467257070357623
2024-07-03,Costa da Caparica,22.07959641113704,14.22583875911674,NW,3.2134036459077024
2024-07-04,Carcavelos,7.943777072253528,11.765164755142536,SW,2.029096401893264
2024-07-04,Guincho,17.436622349497263,13.202025816322958,S,2.4882611240931274
2024-07-04,Costa da Caparica,5.274895716462012,7.368856300688073,N,1.774043274633277
2024-07-05,Carcavelos,11.268266514039944,12.330980633574477,S,2.021547641626813
2024-07-05,Guincho,9.38428196558624,15.144119459249598,NE,2.9047953065637566
2024-07-05,Costa da Caparica,15.550901488767185,9.538713765612496,SW,2.082764250058764
2024-07-06,Carcavelos,23.45084041065926,6.827986679251264,SE,2.287838917446977
2024-07-06,Guincho,27.88784193229785,13.215328611219055,NW,3.578202608865877
2024-07-06,Costa da Caparica,19.16011600742243,10.760504021990997,W,2.0076201503976514
2024-07-07,Carcavelos,18.49606947270484,7.620138778915846,SE,2.149649157904659
2024-07-07,Guincho,6.285645337106258,10.963662472012365,S,2.023024046891843
2024-07-07,Costa da Caparica,16.85593271750924,9.443837320442332,NW,1.9725318676951928
2024-07-08,Carcavelos,23.204718905090083,10.954913162061985,E,2.472320055199773
2024-07-08,Guincho,6.898335259240552,6.777653440789571,SE,2.2135556763579185
2024-07-08,Costa da Caparica,22.36741177136067,8.721451372299626,NE,2.398180040794053
2024-07-09,Carcavelos,25.18575629541903,15.620987857641175,N,3.1237170739422084
2024-07-09,Guincho,28.75593384552006,10.460057729579557,W,3.191288669519219
2024-07-09,Costa da Caparica,23.97589613847125,13.241033292731386,NW,3.4087426727286334
2024-07-10,Carcavelos,26.229891289132983,8.496680088591859,N,3.0676161250278096
2024-07-10,Guincho,6.289895166467749,12.699174645500392,NW,2.3930050119643465
2024-07-10,Costa da Caparica,22.63937931289221,15.25248317415666,W,2.7819183837657224
2024-07-11,Carcavelos,12.821371412639689,7.205225787864644,W,2.6433843895063043
2024-07-11,Guincho,12.433725184313769,15.243961953765304,NE,3.0531394868578854
2024-07-11,Costa da Caparica,23.62661370300551,6.54882614646475,E,2.2283821175892804
2024-07-12,Carcavelos,12.97751183108139,14.289154741506774,N,2.19557037021875
2024-07-12,Guincho,19.01692985008785,10.810618838440863,E,2.9561205146493097
2024-07-12,Costa da Caparica,22.407219396953494,9.398749637680664,W,2.993487857180431
2024-07-13,Carcavelos,25.09942448502244,11.384014903807875,SW,2.322019093072358
2024-07-13,Guincho,12.968812573301747,12.25891376437009,NW,2.6773731048697296
2024-07-13,Costa da Caparica,15.437652100697305,10.619428505755875,NE,2.274947095827565
2024-07-14,Carcavelos,5.531735271259678,14.747016726841997,S,2.4435595910699544
2024-07-14,Guincho,6.750742643686776,6.094854336284981,S,1.3954485544913098
2024-07-14,Costa da Caparica,24.17970722327817,10.01930913609242,S,3.4902276677434663
2024-07-15,Carcavelos,11.792174276725104,9.982873839756357,SW,1.8927848145908828
2024-07-15,Guincho,15.444169554183343,10.213570022770702,S,1.7351608088831905
2024-07-15,Costa da Caparica,26.32054554229753,13.15553315234242,S,3.041659019366358
2024-07-16,Carcavelos,6.052329740909047,6.1787393473341385,SW,1.134452670487296
2024-07-16,Guincho,28.910392438985625,13.979893221433834,S,3.2609717481885427
2024-07-16,Costa da Caparica,7.235275057806488,10.175807757849284,NW,1.952393250317623
2024-07-17,Carcavelos,27.593099179381763,15.891849098133587,W,3.747269201767305
2024-07-17,Guincho,29.77921565342441,8.316717013834435,SE,2.677719173763854
2024-07-17,Costa da Caparica,25.76606294376561,7.203387620349959,E,2.6878337216628694
2024-07-18,Carcavelos,9.413200800137709,8.204862090701754,N,1.9457281049730903
2024-07-18,Guincho,10.40810057591384,11.18260366676392,SE,2.496919984237405
2024-07-18,Costa da Caparica,29.87269556616088,7.738952492194873,NE,2.218285415269426
2024-07-19,Carcavelos,29.908394395168106,14.974361480462038,E,4.443067369423857
2024-07-19,Guincho,10.611014295916515,8.23817614822623,W,1.8144509042171284
2024-07-19,Costa da Caparica,14.779244152009497,8.72959374856315,S,2.4496252177676787
2024-07-20,Carcavelos,27.21870199672443,15.556514982297534,SE,3.3958798435671067
2024-07-20,Guincho,28.28973720797475,13.352126545234528,NE,3.193425915641115
2024-07-20,Costa da Caparica,15.211330326767468,9.72688517012314,NW,2.162618016689279
2024-07-21,Carcavelos,18.31506298501905,15.621219725920495,NW,3.0085137981043126
2024-07-21,Guincho,22.081469091489897,6.761308594903002,N,2.552452744589972
2024-07-21,Costa da Caparica,19.282973547989357,12.621120101065646,NW,2.7370290524363425
2024-07-22,Carcavelos,19.143299099894776,8.670282701694212,SW,2.6546902393630707
2024-07-22,Guincho,11.132138306383364,7.57340659702526,NW,1.8330329030067452
2024-07-22,Costa da Caparica,22.70907441787587,14.37013328363672,N,2.79398621383253
2024-07-23,Carcavelos,27.040928319258757,15.613152881849077,N,3.591672346824796
2024-07-23,Guincho,5.731182075863979,14.258167505647627,NE,2.0498061170413977
2024-07-23,Costa da Caparica,27.717532731734195,6.011201114801095,NE,2.678664061847852
2024-07-24,Carcavelos,25.803354448943548,11.074677337608362,W,3.0933958643358577
2024-07-24,Guincho,7.896096419506442,9.766953619867987,NW,1.3037363873709316
2024-07-24,Costa da Caparica,18.499634492896387,13.798453951511435,SW,3.16074334346055
2024-07-25,Carcavelos,14.803780286129914,7.794973234238334,S,1.9487804875530208
2024-07-25,Guincho,7.562743199766981,15.372284872364512,NW,2.5624915187356305
2024-07-25,Costa da Caparica,22.714300115065733,10.735738884350884,SW,2.5281548224697548
2024-07-26,Carcavelos,20.522887944186927,6.457420338125129,NE,2.778007020126493
2024-07-26,Guincho,19.859896480713637,9.836122604056218,S,2.2546448015022875
2024-07-26,Costa da Caparica,5.553088788224931,9.236102191495412,W,1.530959526759161
2024-07-27,Carcavelos,5.025736996140835,7.589382832767566,NE,1.7295897810866605
2024-07-27,Guincho,29.928112503942774,10.261813022359728,S,3.0492726092160227
2024-07-27,Costa da Caparica,25.648019144997416,8.983744309899926,NW,3.030549502851284
2024-07-28,Carcavelos,7.059526140396067,12.80499302074713,SW,2.2627276823946407
2024-07-28,Guincho,26.434002302312464,15.645204722702086,E,3.459212886624342
2024-07-28,Costa da Caparica,11.85538005871675,15.839776479598282,N,3.0257922883050434
2024-07-29,Carcavelos,23.645925300774103,8.003591435487127,N,2.203855750356736
2024-07-29,Guincho,21.291670634397125,9.685263437237612,W,3.2877737378058853
2024-07-29,Costa da Caparica,8.981143456981613,8.037012492762742,S,1.2558343104828078
2024-07-30,Carcavelos,24.414921319793542,13.70921844644052,SW,2.9806050837897544
2024-07-30,Guincho,24.91994569660069,8.941679733434778,NW,2.647157538439273
2024-07-30,Costa da Caparica,28.02119619539217,12.16650314520738,SW,3.609143949154639
2024-07-31,Carcavelos,11.18849889008438,11.58412672583198,NW,2.668149269088755
2024-07-31,Guincho,17.289863668535922,6.642089370751341,SW,2.2959235456343974
2024-07-31,Costa da Caparica,15.83116872429139,15.84351407402904,N,2.360571756488984
2024-08-01,Carcavelos,5.290513497702516,6.724468877945589,NW,1.5355211737186298
2024-08-01,Guincho,23.047190698173377,12.56983857564493,N,2.887658349052035
2024-08-01,Costa da Caparica,26.503059929730117,13.7985098889335,NW,3.4869584164387617
2024-08-02,Carcavelos,8.648051850878637,7.027924044926657,SW,1.8889990604379785
2024-08-02,Guincho,8.56238857253783,10.98888153451356,SW,1.84415890753283
2024-08-02,Costa da Caparica,24.3951183948239,15.412375042323864,N,2.917046061693711
2024-08-03,Carcavelos,17.942791084617788,6.878664991448334,S,1.6693944936748033
2024-08-03,Guincho,29.436659657869644,8.008590898622941,NE,2.440496218751883
2024-08-03,Costa da Caparica,25.014667477727077,8.0015024424481,W,2.6564509385030948
2024-08-04,Carcavelos,8.105499168201483,14.962213026850383,N,2.4413304705743597
2024-08-04,Guincho,28.405306156092244,6.519712836514724,NW,2.6838245616836343
2024-08-04,Costa da Caparica,28.683761565775967,12.253046602139475,SE,3.10791323139339
2024-08-05,Carcavelos,13.486254813570152,14.148251137465122,W,2.7845606387031263
2024-08-05,Guincho,19.93689656579825,13.83832553418862,W,3.4736406638272426
2024-08-05,Costa da Caparica,21.089442379913123,11.264026609361132,NE,3.186569270357519
2024-08-06,Carcavelos,19.83196620775447,12.50294185873454,N,2.603803863003024
2024-08-06,Guincho,26.794589164805043,8.192139873580443,W,3.160399516219919
2024-08-06,Costa da Caparica,26.79581947432803,10.336553339563888,NW,2.8122371333784724
2024-08-07,Carcavelos,17.454892911328475,11.553635509376312,NE,2.1347418934515208
2024-08-07,Guincho,18.561965892984187,10.932768467837995,SE,2.880908627282515
2024-08-07,Costa da Caparica,9.988561273228628,12.802282424312914,S,1.8762506785195423
2024-08-08,Carcavelos,26.011310156923336,7.741933365782536,S,2.463707655258403
2024-08-08,Guincho,23.1792267441577,13.42706521199981,SE,3.41700049191356
2024-08-08,Costa da Caparica,24.193097201669502,11.048448818930176,NE,3.0417364667716056
2024-08-09,Carcavelos,26.67578740306121,11.786754085723937,SE,2.9876095042836868
2024-08-09,Guincho,20.15471783902929,11.977235652558644,SE,2.59350990254337
2024-08-09,Costa da Caparica,15.543023171836383,8.768277972350516,E,1.8875157291926965
2024-08-10,Carcavelos,14.596178796694907,10.658128070202483,S,1.8867098492896572
2024-08-10,Guincho,23.327825560382024,7.315676851272598,NW,2.895055504057793
2024-08-10,Costa da Caparica,20.813513330657653,9.728486371889344,NE,2.051398702155106
2024-08-11,Carcavelos,9.524423817737244,14.543850933695792,S,2.1624459894049983
2024-08-11,Guincho,15.125519977008038,11.929183998317818,W,2.407342756036212
2024-08-11,Costa da Caparica,13.980834234994145,11.929508514349276,SW,1.9944696219038205
2024-08-12,Carcavelos,14.976148653427778,14.579862539227058,S,3.0287093342950326
2024-08-12,Guincho,13.129751605617372,13.734731256866006,NW,2.1080753173924847
2024-08-12,Costa da Caparica,10.866850956538777,14.837096696607526,SW,2.3612638190158317
2024-08-13,Carcavelos,9.243947627188518,11.197739485560176,NE,1.815871911696584
2024-08-13,Guincho,16.23584588034344,11.878843711103867,SE,2.6269187908512563
2024-08-13,Costa da Caparica,22.669430422136145,7.670419079009498,SE,2.82187644121102
2024-08-14,Carcavelos,13.91830132600004,11.335119252996956,N,1.847763969607374
2024-08-14,Guincho,26.10426122422993,14.056701529500533,SE,3.263055626658501
2024-08-14,Costa da Caparica,18.497645987555316,6.3418776593915815,SW,2.385901078125054
2024-08-15,Carcavelos,6.427171402232871,11.31169528001032,SE,1.997281276216156
2024-08-15,Guincho,10.617529424317,7.800104374727235,E,1.6675828649203115
2024-08-15,Costa da Caparica,12.903902624418762,11.072348086883924,SW,1.9880977950513925
2024-08-16,Carcavelos,16.99742703980183,12.859677359829842,SW,3.1206266389746986
2024-08-16,Guincho,28.795294635580973,12.391199378155004,N,2.715545321512609
2024-08-16,Costa da Caparica,18.04325116590533,9.426534881209154,SW,2.495844771196745
2024-08-17,Carcavelos,8.491281368907822,6.299735898726779,S,1.3347324009407833
2024-08-17,Guincho,9.708727094140036,13.308294748708764,S,2.467893973565323
2024-08-17,Costa da Caparica,16.093755482614277,14.681422543775051,SW,3.014387830942504
2024-08-18,Carcavelos,29.46578218501326,9.742967671397928,SW,2.581894119629618
2024-08-18,Guincho,17.429369100210682,12.178472402012138,NW,2.7013345527858146
2024-08-18,Costa da Caparica,7.827745476914325,13.955103716964032,SE,2.4390023748882768
2024-08-19,Carcavelos,21.912834644431165,8.15675152397717,NW,2.5630988355793924
2024-08-19,Guincho,19.429630917793705,9.485736672419703,NE,2.717161236442908
2024-08-19,Costa da Caparica,29.985343144266665,6.48212038860556,N,2.547126944166865
2024-08-20,Carcavelos,12.217139888265953,7.091096317657497,NE,1.881823920787845
2024-08-20,Guincho,15.103508041275823,9.270331615632388,SW,2.452650952611366
2024-08-20,Costa da Caparica,26.94727897603319,9.171957167653986,S,2.7229008894086566
2024-08-21,Carcavelos,25.44585540437554,7.202090553706085,SW,2.0903432445746306
2024-08-21,Guincho,20.755218708228604,12.098318054986946,W,3.096923134707997
2024-08-21,Costa da Caparica,22.386680167246556,9.885581012703458,N,2.9269618254484797
2024-08-22,Carcavelos,16.11048631878004,6.146670570462638,E,2.5940300627660697
2024-08-22,Guincho,20.086214834534445,12.682127985550164,NE,2.7733582515582125
2024-08-22,Costa da Caparica,18.55909162449346,15.514785596659912,NE,3.4655620344218865
2024-08-23,Carcavelos,16.979546940743276,6.256420658064357,NE,1.4854174026190206
2024-08-23,Guincho,16.917386876028978,9.943653238183504,W,2.391525959090265
2024-08-23,Costa da Caparica,25.324643467902337,13.181230762264944,E,3.4799846343397696
2024-08-24,Carcavelos,15.771552288450833,14.967142898401224,S,2.811349653211205
2024-08-24,Guincho,27.450763723749677,8.434822965762994,E,2.350829026004879
2024-08-24,Costa da Caparica,16.97958073609,7.94558323185301,SW,1.998923321541336
2024-08-25,Carcavelos,17.146793979658142,8.56776567720508,SE,2.3708418506881848
2024-08-25,Guincho,18.306505333476004,11.809320532627977,NE,2.658310475535555
2024-08-25,Costa da Caparica,20.25834458277296,13.161506742231936,N,2.511476098542717
2024-08-26,Carcavelos,26.48539483201473,13.997810954240215,W,3.24300047481691
2024-08-26,Guincho,22.726156543060817,7.068769230947439,NE,2.0963983256010543
2024-08-26,Costa da Caparica,25.39371608760702,9.735096830383876,S,2.698092910644468
2024-08-27,Carcavelos,20.82878438985056,15.51403342206657,W,3.167091900750348
2024-08-27,Guincho,19.83846422807868,13.937438503805163,W,3.560803492129331
2024-08-27,Costa da Caparica,20.274524721274798,10.110284698067048,S,2.577708088719268
2024-08-28,Carcavelos,18.91592644841793,8.556449978092722,SE,2.38106246873473
2024-08-28,Guincho,11.870150888703405,14.226143185136785,SE,2.824773351572692
2024-08-28,Costa da Caparica,24.16640338001015,7.4970396795695775,W,2.6289622805285964
2024-08-29,Carcavelos,19.66521157938685,7.680142077448634,E,2.2271970728519426
2024-08-29,Guincho,18.38395254606652,7.784459652277722,S,2.5256248641690773
2024-08-29,Costa da Caparica,21.04928751108165,12.070940360887809,NW,2.361632205585165
2024-08-30,Carcavelos,20.80038715051046,6.584546141085539,N,2.424284616205865
2024-08-30,Guincho,29.694638005372184,7.364397525567331,S,2.5358278490483577
2024-08-30,Costa da Caparica,16.144772864430724,13.24516851398618,E,3.2007038095590232
2024-08-31,Carcavelos,29.78139984255471,7.283942894541252,E,2.222739581401594
2024-08-31,Guincho,27.638119808241846,13.726227274493828,SE,3.5682492576235774
2024-08-31,Costa da Caparica,7.141456239910763,14.941908746641182,E,1.8450888596237356
2024-09-01,Carcavelos,13.589011869392598,12.171557833956468,S,2.020668940404961
2024-09-01,Guincho,17.976494772706758,6.6761256359221495,S,2.1252875659011714
2024-09-01,Costa da Caparica,11.77868591250462,11.928119916534229,E,2.101180123918284
2024-09-02,Carcavelos,18.323944663783383,9.243337531153756,E,1.890654749443665
2024-09-02,Guincho,29.887012267606423,10.463523511976422,SE,2.641809973906172
2024-09-02,Costa da Caparica,6.50355856501963,11.6229681587791,SE,2.020621905738732
2024-09-03,Carcavelos,23.870945498521195,7.704779381739176,NE,2.57741365108104
2024-09-03,Guincho,7.41691124116799,10.503709362581851,NW,1.915210828513256
2024-09-03,Costa da Caparica,14.563157006100209,7.198290020176463,E,2.0630704435590363
2024-09-04,Carcavelos,8.810400333260436,15.924835021583752,NW,2.30701405151983
2024-09-04,Guincho,21.78896109032593,6.9292914437939,SW,2.519171882452067
2024-09-04,Costa da Caparica,7.228110802900415,13.55270420496808,N,2.2633041598647097
2024-09-05,Carcavelos,8.982600515474507,6.631090330791501,SE,2.3519592454788545
2024-09-05,Guincho,12.578208898633214,8.631125699108429,NE,1.531087492695435
2024-09-05,Costa da Caparica,10.97638330493164,11.09724246751698,E,1.80134884034467
2024-09-06,Carcavelos,14.924537926857086,10.472025405048356,SE,2.403019734754227
2024-09-06,Guincho,19.164384054285463,9.910427630581744,SE,2.8698836099378005
2024-09-06,Costa da Caparica,28.264880366097906,7.1636639788547605,NE,3.072454249406391
2024-09-07,Carcavelos,18.312029813985653,13.214220673287317,E,3.0620990282507043
2024-09-07,Guincho,24.750760907676536,9.046791390980408,N,2.511984130633073
2024-09-07,Costa da Caparica,28.93307219736468,11.730414289308492,NE,2.956561208832081
2024-09-08,Carcavelos,25.562014090859023,7.325246727418484,SW,2.784337761473661
2024-09-08,Guincho,8.479950615438245,14.98261627292706,SW,1.942945582132596
2024-09-08,Costa da Caparica,9.370965681510311,11.025660764634424,N,2.22419806369858
2024-09-09,Carcavelos,8.044047778131869,10.782340230480724,SE,2.279780227433874
2024-09-09,Guincho,8.379157228870568,15.631151115891738,SE,2.3584512363275656
2024-09-09,Costa da Caparica,19.85726876404437,15.364491738836604,SE,3.119821152569691
2024-09-10,Carcavelos,15.987792215822752,7.05664684261744,SW,1.5081244355015369
2024-09-10,Guincho,14.661521028978678,11.644410906788824,NE,2.7744480448313733
2024-09-10,Costa da Caparica,16.495010594233005,6.581637955054758,E,2.1766896729552694
2024-09-11,Carcavelos,12.433876205920972,10.30337177508921,N,2.564323841758698
2024-09-11,Guincho,8.556234217179904,7.213849394224288,SW,1.4182659869171612
2024-09-11,Costa da Caparica,22.290451389232985,12.18051674287186,SE,2.664437714264853
2024-09-12,Carcavelos,29.91742134632442,14.139702695060189,W,3.2319929556083937
2024-09-12,Guincho,21.39309181404141,14.480158852494014,NE,2.865470643334908
2024-09-12,Costa da Caparica,8.267759418504987,14.866042152404669,SW,2.018144802547264
2024-09-13,Carcavelos,18.137615549216,10.816348465348623,W,2.8921374811791645
2024-09-13,Guincho,23.34035951403505,13.693048936413398,SW,2.866165143699289
2024-09-13,Costa da Caparica,15.464515540598384,13.903377358601482,S,2.546738149642156
2024-09-14,Carcavelos,24.00724557805337,7.37109705728999,W,1.9776513739629404
2024-09-14,Guincho,25.857584148869183,12.292988060107362,S,3.33206443342278
2024-09-14,Costa da Caparica,25.03842779707474,15.595766443210334,SE,2.895114216004809
2024-09-15,Carcavelos,21.152253086562705,10.993338349786182,NW,2.428274050667879
2024-09-15,Guincho,7.452064519606115,10.88241137021778,SE,1.8439653809444465
2024-09-15,Costa da Caparica,21.29276619777421,14.106859279862665,S,3.141474237409441
2024-09-16,Carcavelos,14.861906964250885,10.594467684059866,S,2.3899770935820728
2024-09-16,Guincho,28.570778535331545,14.08883461636328,NW,3.1182177992617715
2024-09-16,Costa da Caparica,11.366765551151278,14.408715794259226,NE,2.751888617124876
2024-09-17,Carcavelos,25.6283048982176,10.95452103460982,NW,2.6637315834213764
2024-09-17,Guincho,27.37794351766341,12.366696821672074,W,3.068429981707102
2024-09-17,Costa da Caparica,27.061486011402494,7.056934799062741,SE,2.851612287901811
2024-09-18,Carcavelos,17.805548020316863,12.802277792083531,S,2.99842575620816
2024-09-18,Guincho,7.634188348820149,6.355708670355483,SE,1.6898911726342682
2024-09-18,Costa da Caparica,23.43770898647517,9.532514085020642,SW,2.3021385774685243
2024-09-19,Carcavelos,18.740401092973112,14.3053445640484,NW,2.3339652610905546
2024-09-19,Guincho,11.6261607081251,6.209449610309128,NW,1.986805457552169
2024-09-19,Costa da Caparica,24.562123114098448,8.2784241754311,N,2.5664044361655622
2024-09-20,Carcavelos,14.548490991322398,8.056872621955552,N,1.774696701054652
2024-09-20,Guincho,6.731357657146498,15.59826518075929,W,2.132255811486532
2024-09-20,Costa da Caparica,6.048780585790906,15.68488777594384,S,2.349007116361808
2024-09-21,Carcavelos,7.848915867857929,10.8601550297754,NW,1.6583563204450735
2024-09-21,Guincho,23.7018294857383,14.117697880901376,SE,3.1658475967297166
2024-09-21,Costa da Caparica,7.375292474807616,9.759928899413117,SW,1.5722668743919506
2024-09-22,Carcavelos,15.985124742361304,12.129395824945256,SW,2.606707966367076
2024-09-22,Guincho,21.89955688965889,10.960478386798863,N,2.641110684355334
2024-09-22,Costa da Caparica,21.14527031638015,8.8590678923916,NW,2.667026527252488
2024-09-23,Carcavelos,11.460790507295451,11.440165791827516,S,2.10899802616454
2024-09-23,Guincho,23.87604821865696,10.6053949727414,NW,2.866090621143988
2024-09-23,Costa da Caparica,9.51486495438252,6.5385820699802615,NW,2.109338155261965
2024-09-24,Carcavelos,18.62567297242346,15.846697395245082,SW,3.534920734501632
2024-09-24,Guincho,7.698592866161609,12.852980161158731,SE,2.260285308204012
2024-09-24,Costa da Caparica,25.444633246423628,8.135113663106718,E,2.45848332202342
2024-09-25,Carcavelos,15.335411232381537,13.581850110765371,N,2.3429108983646003
2024-09-25,Guincho,17.709013672907,8.975484513188206,E,2.583584815301701
2024-09-25,Costa da Caparica,15.845012806369295,7.608481739577462,NE,2.114606820394775
2024-09-26,Carcavelos,5.233290495677332,8.46678864521623,S,1.5017498234701097
2024-09-26,Guincho,9.848846681694372,14.798164859419389,NE,2.655332132708081
2024-09-26,Costa da Caparica,10.100890865722471,11.550849493022865,NW,2.290065652991568
2024-09-27,Carcavelos,22.19710274699788,9.752599044426663,N,2.9412282753082537
2024-09-27,Guincho,18.855662853300416,6.052296135429128,NE,2.141760260285075
2024-09-27,Costa da Caparica,5.275790356561645,13.495454844688885,S,2.2091349592049867
2024-09-28,Carcavelos,14.198518782552112,9.269316163380791,E,2.105038982754273
2024-09-28,Guincho,17.55125533721118,7.247140569113904,W,2.468875960064
2024-09-28,Costa da Caparica,16.215265773863564,13.220709382027373,NW,2.495393130731795
2024-09-29,Carcavelos,21.576050112512306,6.018798835249107,W,2.0733672344697527
2024-09-29,Guincho,5.080456590106967,12.195893374598407,SE,1.848753966146147
2024-09-29,Costa da Caparica,15.0581781171639,14.742624706102378,S,2.372936757673331
2024-09-30,Carcavelos,21.05813814763069,6.648535944829684,NW,2.4380387770175203
2024-09-30,Guincho,6.320099011713202,10.86597662243753,SW,1.6045891511542565
2024-09-30,Costa da Caparica,25.12472499201924,8.698207201282143,SE,2.953139321632454
2024-10-01,Carcavelos,8.724993403731087,12.954156483280531,SE,1.8053699501927736
2024-10-01,Guincho,24.62242442778669,13.076809347409156,W,3.06327106662556
2024-10-01,Costa da Caparica,14.336564903604335,7.223767573251779,N,2.3311722410346998
2024-10-02,Carcavelos,15.850484154346882,6.886004296796172,SE,2.2130546198586227
2024-10-02,Guincho,12.486087762297169,7.734800742659573,SW,2.162449197120858
2024-10-02,Costa da Caparica,20.90443411770582,13.85651618080232,E,3.1859015207605657
2024-10-03,Carcavelos,28.75781882326479,8.029363675749021,SE,3.003542067458436
2024-10-03,Guincho,14.05588604130721,9.345112887419322,S,2.352702683782144
2024-10-03,Costa da Caparica,19.661977304717677,12.976706275200751,E,3.2834337108193044
2024-10-04,Carcavelos,12.468139339719324,15.406792451153406,NE,2.540659920303496
2024-10-04,Guincho,14.4228541184093,10.617328136123822,SE,2.441500173272746
2024-10-04,Costa da Caparica,25.06608274489276,10.581868867378926,S,3.084255873918469
2024-10-05,Carcavelos,6.246050694573539,15.039133302603746,E,2.744625310559488
2024-10-05,Guincho,15.92126756537949,13.295082286523968,SW,2.543303099805013
2024-10-05,Costa da Caparica,28.06557645219474,10.720604341969985,S,2.6755454295116943
2024-10-06,Carcavelos,6.72395040891053,6.570547211512543,SW,1.7591513004152577
2024-10-06,Guincho,29.3708663195278,9.712070938899982,W,2.731951942517357
2024-10-06,Costa da Caparica,16.2434960612635,13.767105569551813,SE,2.741060185168485
2024-10-07,Carcavelos,6.162514661001637,12.196994401994155,E,1.9770499080326056
2024-10-07,Guincho,8.48113427793988,11.32420682275217,N,2.0058383601615675
2024-10-07,Costa da Caparica,10.919607732784634,13.324487318380898,E,2.411715947297735
2024-10-08,Carcavelos,29.08486085533876,11.60168183461842,W,3.462348599815572
2024-10-08,Guincho,24.69282538819272,12.24425446471728,S,2.845992448257195
2024-10-08,Costa da Caparica,29.532427262431167,8.565300624442479,E,2.5818270310876783
2024-10-09,Carcavelos,13.45657763330871,9.086987433731952,S,2.2647705751650635
2024-10-09,Guincho,20.213181817411662,9.495063720868188,N,2.2132300445529784
2024-10-09,Costa da Caparica,22.093852639426064,11.451055282606998,NW,2.7005443367458515
2024-10-10,Carcavelos,7.869221796730437,14.60139693349435,NE,2.785163528539644
2024-10-10,Guincho,18.720966418001467,12.129001608619491,SW,2.711893920375036
2024-10-10,Costa da Caparica,16.45751603821641,10.84696287130047,S,2.528849247544904
2024-10-11,Carcavelos,10.402261329632688,6.975625102392997,NW,1.452470940353172
2024-10-11,Guincho,15.294138539612712,12.50973467150954,SW,2.7990276858489493
2024-10-11,Costa da Caparica,7.798398175538258,9.559733737948529,E,1.6391245615067087
2024-10-12,Carcavelos,6.298914438856711,13.862781993840333,NW,2.453958898798712
2024-10-12,Guincho,18.62119397711289,13.58425017869111,SE,2.6806700098507767
2024-10-12,Costa da Caparica,17.984646487598432,8.048812741507126,S,1.9119027315952712
2024-10-13,Carcavelos,11.387333616390118,15.466379541996073,NW,2.7538538268403205
2024-10-13,Guincho,29.62474140352188,13.720124763099903,W,3.0869221449227138
2024-10-13,Costa da Caparica,13.591579815227576,8.824308986865116,NE,2.096470602509555
2024-10-14,Carcavelos,17.445312700857258,7.054736999566305,SE,1.4165280624241214
2024-10-14,Guincho,7.33519929938239,10.410721582507836,E,1.5965961030057794
2024-10-14,Costa da Caparica,10.094161478192229,11.233296311947411,NW,2.50922702330182
2024-10-15,Carcavelos,11.911042264584902,9.123491018855136,N,1.795709613016259
2024-10-15,Guincho,14.899261816561372,15.150900684070432,NW,1.9321739394532471
2024-10-15,Costa da Caparica,18.945504798230036,7.660343134161955,NW,2.5323220081989763
2024-10-16,Carcavelos,26.429481424968824,15.061432547657663,NE,3.33581415427346
2024-10-16,Guincho,19.95281573422545,6.3338360178638125,NW,1.7460711601187118
2024-10-16,Costa da Caparica,27.34974275019676,12.542925523249618,E,3.422829225900659
2024-10-17,Carcavelos,29.19389692758472,14.56873936075094,N,3.228193825674906
2024-10-17,Guincho,25.090088386038374,11.052067735766382,NW,2.8569852204606807
2024-10-17,Costa da Caparica,8.060847458973527,13.251855480273909,NE,2.3191648094536204
2024-10-18,Carcavelos,9.148872382394623,14.81927758304644,W,2.180795264019628
2024-10-18,Guincho,22.171524941875727,6.930304864600272,SE,2.410670515760022
2024-10-18,Costa da Caparica,22.983840559228963,14.90258053017802,SW,3.2274682676718216
2024-10-19,Carcavelos,13.421012546527582,8.964897812833152,SW,2.04505092335798
2024-10-19,Guincho,18.51984387463861,13.102427986233115,SE,2.3378540382247066
2024-10-19,Costa da Caparica,11.35804952945792,14.192551048714613,SE,2.8121111604612343
2024-10-20,Carcavelos,13.38020118427182,7.737615931357438,S,1.7632613092802694
2024-10-20,Guincho,27.63399685694676,13.396713007267635,NE,3.713685132492789
2024-10-20,Costa da Caparica,23.72065842408266,12.51147584881674,NW,3.4119294151598685
2024-10-21,Carcavelos,25.15489702509477,14.437373264067244,E,3.3555308207377674
2024-10-21,Guincho,20.85355345739342,7.262647415645027,NW,2.173670454787053
2024-10-21,Costa da Caparica,5.095428353108678,12.8166948240162,SW,1.8338024666003203
2024-10-22,Carcavelos,26.393431472644657,8.271795570235149,NW,2.9072052135651365
2024-10-22,Guincho,10.388246719783297,9.603778199303475,S,1.866364325624512
2024-10-22,Costa da Caparica,5.829733864060655,9.03946401240724,SW,1.7982168139079238
2024-10-23,Carcavelos,10.819078677532218,14.073960303399511,SE,2.514370854106578
2024-10-23,Guincho,21.62462258689988,8.602868575660029,N,2.3277190109594983
2024-10-23,Costa da Caparica,14.487572584367964,8.267303829235107,S,1.7095086306006353
2024-10-24,Carcavelos,18.666205504694712,9.804005489704096,SW,2.384393908283869
2024-10-24,Guincho,5.450002223630374,10.214440415792474,SW,2.2174569655402028
2024-10-24,Costa da Caparica,27.95191380497877,8.800373295504894,NW,2.9398937865438315
2024-10-25,Carcavelos,25.986522737519174,15.817986932606276,SW,3.646550146565581
2024-10-25,Guincho,23.16677480175808,9.047510953861334,W,3.222947824822438
2024-10-25,Costa da Caparica,16.24605519931398,8.184431828833072,S,2.2903550008367417
2024-10-26,Carcavelos,18.51746191612276,6.965344701954408,SW,2.1481596850195297
2024-10-26,Guincho,12.095711175588008,14.245348080870322,S,2.355311966119901
2024-10-26,Costa da Caparica,12.43094519271543,8.999191115069847,SW,1.8247754572487005
2024-10-27,Carcavelos,26.93098642905501,14.772617628261797,S,3.3684363531494945
2024-10-27,Guincho,19.83053925268461,14.923024981396525,W,3.1515772474448385
2024-10-27,Costa da Caparica,25.95380458879811,8.852903383573164,SE,3.3588466324631465
2024-10-28,Carcavelos,19.570170877087243,15.9543751619131,NE,3.632151393806833
2024-10-28,Guincho,11.307681245985163,8.202253013773152,SE,2.1434023929846067
2024-10-28,Costa da Caparica,7.873324926489171,6.938572848233562,S,1.25139673317433
2024-10-29,Carcavelos,13.520392494746163,7.64824675346762,SW,1.9078629854730151
2024-10-29,Guincho,20.17723946796885,12.313075530919887,SE,2.9141422167320075
2024-10-29,Costa da Caparica,21.910659058459807,7.316934384720385,SE,2.687123994152599
2024-10-30,Carcavelos,14.612783191120316,10.876670686212645,SW,2.04950658613293
2024-10-30,Guincho,16.82242832027262,15.83840312855438,NW,2.645697370611048
2024-10-30,Costa da Caparica,20.85260078440828,6.709322161337735,N,2.4555315083584874
2024-10-31,Carcavelos,10.971416510048192,10.69641774680709,N,2.180027455546973
2024-10-31,Guincho,13.283675177576267,10.820410581120823,NW,1.4909948862716371
2024-10-31,Costa da Caparica,16.857210510781513,11.908674412710416,S,2.0987459129552413
2024-11-01,Carcavelos,5.1376449790105205,6.076640326492253,SW,1.4539226011776922
2024-11-01,Guincho,12.12270053827402,10.628519550158506,S,2.25560670034554
2024-11-01,Costa da Caparica,19.30121608423252,11.126677259564165,E,2.403495193616851
2024-11-02,Carcavelos,25.455166718706188,11.31599464604431,E,3.1604717142445886
2024-11-02,Guincho,17.685298467945223,14.742225246851758,S,2.770425795435167
2024-11-02,Costa da Caparica,16.264925474578348,15.29426694473114,S,2.8766132395060238
2024-11-03,Carcavelos,14.86440188994116,10.218281785388314,SE,2.3682017199731797
2024-11-03,Guincho,11.45433135477923,12.746078529162162,N,2.57799362962252
2024-11-03,Costa da Caparica,25.594759605532367,15.550605114849889,NE,3.5411574899177127
2024-11-04,Carcavelos,5.052596079397086,13.175721247315945,W,2.1961015854808696
2024-11-04,Guincho,6.488117508694292,12.037954529493875,NE,2.273790526918072
2024-11-04,Costa da Caparica,25.00887197558517,12.626645130593555,S,2.6516070555089057
2024-11-05,Carcavelos,8.025625012129826,10.189477901874756,SE,1.858665148444208
2024-11-05,Guincho,13.027027427176254,13.498507644364665,NE,2.7585670676347083
2024-11-05,Costa da Caparica,21.71431616807285,12.786699566725648,NE,2.934093848381368
2024-11-06,Carcavelos,17.55384024904967,7.38871326396517,N,2.3906417763827603
2024-11-06,Guincho,20.31433670862048,14.736985934663451,SE,3.388859071116708
2024-11-06,Costa da Caparica,18.249788073160467,14.290177325454913,SW,3.070048269629549
2024-11-07,Carcavelos,8.553428094836441,6.117066107309041,SW,0.8036559384430476
2024-11-07,Guincho,7.109809513613559,9.99368748394691,S,2.3222498788212462
2024-11-07,Costa da Caparica,8.07508237809364,11.586423964504252,W,2.463138215302556
2024-11-08,Carcavelos,6.684613869638064,9.873925856686594,E,1.7793729703088057
2024-11-08,Guincho,15.748276934753704,12.729666223944324,W,2.89578516550496
2024-11-08,Costa da Caparica,19.757138573828996,8.262791082142318,NW,2.353573557140048
2024-11-09,Carcavelos,25.56055934170696,14.575623376612835,W,3.127883535589896
2024-11-09,Guincho,27.24130082543916,6.123097030160756,E,2.5440132978456345
2024-11-09,Costa da Caparica,20.026854170005823,13.055858626438246,N,3.226052421364111
2024-11-10,Carcavelos,9.140708675706634,12.457405100956125,S,3.1289224889404657
2024-11-10,Guincho,27.252425879595208,9.458774607378574,SE,2.8767947395070093
2024-11-10,Costa da Caparica,14.47275695147036,6.0671039030406,W,1.1955722392362804
2024-11-11,Carcavelos,6.792797221191275,10.09628894895232,N,2.2159057466667123
2024-11-11,Guincho,19.50553796962573,11.5968844483794,W,2.668316991406088
2024-11-11,Costa da Caparica,22.206855894505928,7.405529675783608,S,2.01647145010619
2024-11-12,Carcavelos,7.4825550688423235,8.088640707057401,E,1.7122945808159402
2024-11-12,Guincho,14.699668998671736,7.60024936463194,NE,1.7435494921939254
2024-11-12,Costa da Caparica,17.19627992981016,7.300477825111387,NE,1.9567762876465309
2024-11-13,Carcavelos,7.90347400501314,15.559188289553193,S,1.6639560585411968
2024-11-13,Guincho,29.87144932648304,11.453811212183023,S,2.7727525726378808
2024-11-13,Costa da Caparica,12.210135945468643,15.61135485407593,SE,3.461519613759981
2024-11-14,Carcavelos,9.208423897978255,8.469074266675856,W,1.2656469796944685
2024-11-14,Guincho,16.0110337578106,9.023332493514935,NW,1.9448666807051007
2024-11-14,Costa da Caparica,17.686159152993554,12.77387321518717,S,2.828747632734271
2024-11-15,Carcavelos,29.160434646660185,11.57708826250044,E,3.203709189557092
2024-11-15,Guincho,29.99284510389785,7.505214916634135,NE,2.3952592488586686
2024-11-15,Costa da Caparica,17.222445794811286,10.017788006543242,N,2.0922752106393663
2024-11-16,Carcavelos,13.145577939111243,13.925213919629192,E,2.867993168064331
2024-11-16,Guincho,10.032802695560832,9.951377432643186,SE,2.1332962197240497
2024-11-16,Costa da Caparica,27.673570220870847,7.3237237903497245,E,2.8442827149796988
2024-11-17,Carcavelos,27.73636527343105,13.22143235455906,S,3.045327699445536
2024-11-17,Guincho,23.6465009656753,11.49322479403174,S,2.816937515656895
2024-11-17,Costa da Caparica,24.85526656373513,8.75767568251357,SW,2.6241649877330486
2024-11-18,Carcavelos,7.341810517647755,13.546212215985918,SW,2.4178253115578374
2024-11-18,Guincho,19.718288053283,9.75329907919602,SW,3.263297601702696
2024-11-18,Costa da Caparica,16.03059284138316,12.057553031390569,NW,2.794335064555044
2024-11-19,Carcavelos,17.308137000029546,11.772790292331312,E,2.5107074509602127
2024-11-19,Guincho,16.086395909547605,12.021169853547796,W,2.792983015902407
2024-11-19,Costa da Caparica,19.33822378638933,15.56047143611933,NW,2.7159900030884105
2024-11-20,Carcavelos,12.797477000107012,8.560475651049543,S,1.757593599069701
2024-11-20,Guincho,17.760812225105806,12.265925110932102,W,2.880270810018602
2024-11-20,Costa da Caparica,28.23143495018073,6.305494570933799,E,2.77886141214642
2024-11-21,Carcavelos,22.3133107884277,7.344351294081219,SW,2.6754587827780334
2024-11-21,Guincho,13.335183053977763,13.330511898599934,SW,2.646792517398904
2024-11-21,Costa da Caparica,28.936200475952404,6.0886328511346886,E,2.518554808030937
2024-11-22,Carcavelos,20.82265826696085,6.690295408878496,S,2.103220963025393
2024-11-22,Guincho,23.835698056424228,13.68922782107641,NW,3.114882646911361
2024-11-22,Costa da Caparica,22.50085681930261,7.044041297480814,W,2.3730185857477117
2024-11-23,Carcavelos,17.190695241680274,6.776493346716051,NW,2.178280789914106
2024-11-23,Guincho,20.802245737656055,11.770406644619108,NW,2.1604016200596163
2024-11-23,Costa da Caparica,6.807911881448465,15.551152072917017,E,2.5126947546829337
2024-11-24,Carcavelos,7.823291067150283,14.420744373985793,SE,2.571118872901869
2024-11-24,Guincho,22.67716193166745,6.502260114639737,NE,2.5784783464469805
2024-11-24,Costa da Caparica,10.277811779153405,14.634007668570018,E,2.848004877604324
2024-11-25,Carcavelos,25.08706858242212,15.29228053631854,SW,3.6286702906433774
2024-11-25,Guincho,18.72451123604105,8.192739619238758,S,2.3394523220252106
2024-11-25,Costa da Caparica,20.087327401084465,9.57814084113549,N,2.25166817473031
2024-11-26,Carcavelos,22.994786333867157,14.669334683518835,NE,3.2917493260372237
2024-11-26,Guincho,19.64661971133798,12.247838627894025,SE,2.83470556962466
2024-11-26,Costa da Caparica,16.579317918783545,8.346534417758495,S,2.8292412408752794
2024-11-27,Carcavelos,25.098962688813007,11.525009674078891,W,2.698808332452056
2024-11-27,Guincho,8.965603613159448,14.819921697216358,NW,2.8974019125668704
2024-11-27,Costa da Caparica,20.73894242229341,6.543320348229038,SE,1.9301988908832823
2024-11-28,Carcavelos,9.725988118188294,13.830166373167328,NE,2.305202397627383
2024-11-28,Guincho,11.904238945522486,13.069764874557162,W,2.112067961690219
2024-11-28,Costa da Caparica,13.509268657644068,15.404485057361724,NW,3.447242815036295
2024-11-29,Carcavelos,12.90675374323267,7.018923880660135,N,1.90270032030634
2024-11-29,Guincho,26.663699543727173,11.718091636071538,NE,2.6891046172734208
2024-11-29,Costa da Caparica,27.296803620268367,10.338174195765294,N,3.079643410692087
2024-11-30,Carcavelos,21.8785015287417,7.160226813481692,W,2.259057522056708
2024-11-30,Guincho,17.34535101142322,9.876488054556471,E,2.493370077531551
2024-11-30,Costa da Caparica,8.477896222277188,8.542313837486956,E,2.0491704074247594
2024-12-01,Carcavelos,21.65963533945516,15.660475051286772,SE,3.263705753844911
2024-12-01,Guincho,28.59955763408024,8.68968031595386,SE,2.557752791207177
2024-12-01,Costa da Caparica,24.54559658362339,12.441492214759158,NE,2.9703766530545237
2024-12-02,Carcavelos,14.6280029975625,14.658201652223552,E,2.406219124847768
2024-12-02,Guincho,16.44249012898235,8.088827240051637,SW,2.0450896684052484
2024-12-02,Costa da Caparica,18.801734116334444,10.1579750068745,NE,2.554110137999469
2024-12-03,Carcavelos,10.299851367466452,12.573534821701283,E,2.5235984122884227
2024-12-03,Guincho,24.90601488907136,13.540230349283824,S,3.4913860081445325
2024-12-03,Costa da Caparica,12.38253693929582,7.366009036511726,W,1.9673783550575925
2024-12-04,Carcavelos,29.36479528338324,6.521986290449716,SE,2.444189048722611
2024-12-04,Guincho,22.83017208206544,7.992152748940531,SE,2.7413494439744475
2024-12-04,Costa da Caparica,24.55038337332418,11.438057278662374,W,3.0264839468941505
2024-12-05,Carcavelos,25.88700564355486,6.146933886549538,S,2.461989863941485
2024-12-05,Guincho,5.785545537781824,13.36200425060762,SW,2.150176667964979
2024-12-05,Costa da Caparica,18.273441960302343,11.951316749056817,NW,2.793912824017008
2024-12-06,Carcavelos,6.04142045956706,9.97647579592036,N,1.909935209759578
2024-12-06,Guincho,12.79659644792208,13.739913781527626,W,2.381230741372604
2024-12-06,Costa da Caparica,26.428238996407057,11.75355403251556,NE,2.895945157226898
2024-12-07,Carcavelos,24.2539552939274,14.071555373648826,NE,3.0415668521734758
2024-12-07,Guincho,13.302484134828411,9.418037054921824,W,1.720595278644132
2024-12-07,Costa da Caparica,17.949013192814473,9.480955931682882,SW,2.876875022602178
2024-12-08,Carcavelos,21.5751836535444,11.48382036195654,SE,3.278423238792287
2024-12-08,Guincho,26.176520674597487,6.235949646455291,E,2.5437848587924528
2024-12-08,Costa da Caparica,12.278606194629475,8.070949181765712,E,2.266996801471617
2024-12-09,Carcavelos,12.572893220829815,6.656948589543658,N,1.8393799101977224
2024-12-09,Guincho,16.835022037372816,6.5971648897088935,SE,2.192186451686723
2024-12-09,Costa da Caparica,6.446111236179015,15.57789800988204,N,2.436436127164481
2024-12-10,Carcavelos,21.273933377951817,12.445911747423436,NW,2.3301727390346247
2024-12-10,Guincho,6.890126015418769,9.656807482613711,E,2.040689933878153
2024-12-10,Costa da Caparica,27.401877794864333,14.471944390335818,E,3.7516467595998217
2024-12-11,Carcavelos,19.45745998550902,7.469627095882097,S,2.490870419690991
2024-12-11,Guincho,9.097025594512054,12.428189148001742,N,2.215852845228257
2024-12-11,Costa da Caparica,13.629805212355263,15.174858431319905,NW,2.789289446632089
2024-12-12,Carcavelos,6.515723151661705,12.899997373089434,NE,2.639290823888365
2024-12-12,Guincho,8.682576106974258,6.078415907719168,SE,1.035252861321961
2024-12-12,Costa da Caparica,24.02720765059689,9.542677648410466,NE,2.439832150332025
2024-12-13,Carcavelos,21.990508318377696,6.762392179735645,SW,1.8834923187251489
2024-12-13,Guincho,16.464948587846,11.608744633626175,SW,2.541620160275353
2024-12-13,Costa da Caparica,16.13854096854727,8.091854654079278,E,1.8645056567241236
2024-12-14,Carcavelos,29.874534233127324,11.272326607539126,W,3.241805888735172
2024-12-14,Guincho,11.049428257926134,15.606269755131995,NW,2.604267969136659
2024-12-14,Costa da Caparica,15.16685174996458,15.530200211788992,SW,3.4948625174256183
2024-12-15,Carcavelos,19.23849448917759,8.595417831760903,N,2.0747370344585105
2024-12-15,Guincho,22.45777893068932,9.952059263099702,NW,3.0131825238504475
2024-12-15,Costa da Caparica,29.432697699787592,13.573102071344389,S,3.451241968211303
2024-12-16,Carcavelos,12.749998429294733,8.32039828901106,E,2.1281701821033145
2024-12-16,Guincho,21.66501197616548,7.626997438085659,NW,2.5146453288038173
2024-12-16,Costa da Caparica,20.076607654262915,14.35407830842126,SE,3.0644172479127274
2024-12-17,Carcavelos,13.925733599250304,15.26194068431782,NE,2.5754957018461373
2024-12-17,Guincho,17.867090428035972,14.082754395559377,SW,2.942211699907614
2024-12-17,Costa da Caparica,15.71755052466084,6.2916976364526445,E,2.9638106267583364
2024-12-18,Carcavelos,17.038733506896357,12.354436456595227,SE,2.148358533476334
2024-12-18,Guincho,23.85662433367557,15.184264321454089,N,2.6998485447803064
2024-12-18,Costa da Caparica,20.550989059274844,15.92442289374779,S,2.9932294092170104
2024-12-19,Carcavelos,19.101850720837945,9.58578461524873,SE,2.172479277924677
2024-12-19,Guincho,28.908002334688188,7.481779282299454,NW,2.91740448082626
2024-12-19,Costa da Caparica,12.061968599425668,15.504591705752958,S,2.8010965000230037
2024-12-20,Carcavelos,15.687545783202792,9.263384309319871,E,2.7213322662969044
2024-12-20,Guincho,12.062401649321306,9.530503916003024,W,2.482247553798956
2024-12-20,Costa da Caparica,25.57902076772148,14.888874240036298,NE,3.1074237800465103
2024-12-21,Carcavelos,10.117002726432098,11.911303032585163,N,2.4208107356409188
2024-12-21,Guincho,5.820240603215211,12.360424687799682,E,1.5395437081666563
2024-12-21,Costa da Caparica,6.725189815320407,15.407845205031078,S,2.106040965380029
2024-12-22,Carcavelos,25.668669200656176,6.476412574365066,SE,2.404307081594316
2024-12-22,Guincho,22.34045143684488,13.711228158518866,NE,3.007099155961085
2024-12-22,Costa da Caparica,16.58234133181992,6.454032814686926,SE,2.36763575871068
2024-12-23,Carcavelos,15.630704635942347,6.375710903989074,SW,2.4198749485881152
2024-12-23,Guincho,19.760777245567333,6.613309556432826,SW,2.879692407892954
2024-12-23,Costa da Caparica,6.365860500024308,15.730781629723328,W,2.6898656886112544
2024-12-24,Carcavelos,6.297523589682726,7.911187094960026,SE,1.5572370505411692
2024-12-24,Guincho,10.607337082126126,12.630471918034225,W,2.738228484161453
2024-12-24,Costa da Caparica,20.240775291422548,14.96040799657219,S,2.863757497013001
2024-12-25,Carcavelos,22.81553332746282,14.16779466505636,SW,2.9499733370415147
2024-12-25,Guincho,29.98859796797736,10.05751168615061,NW,2.7579634145522256
2024-12-25,Costa da Caparica,23.856206492052017,9.931952010279222,S,2.579956891770017
2024-12-26,Carcavelos,15.361742888483583,13.538297005692186,NW,2.310466100867318
2024-12-26,Guincho,9.18303260002651,13.806317174255572,N,2.572367166315509
2024-12-26,Costa da Caparica,17.046686981865413,9.617102548595806,NW,1.8954444860770123
2024-12-27,Carcavelos,12.413997805148266,13.144241640712425,S,2.872137039347193
2024-12-27,Guincho,22.712242437319933,7.720892292952594,N,2.501245606204434
2024-12-27,Costa da Caparica,28.3231215642418,14.275063198732212,NW,3.261330389952606
2024-12-28,Carcavelos,8.128131428543673,14.504716147608375,N,2.4229926610244314
2024-12-28,Guincho,11.851789733554774,14.07070903866703,S,2.389192807972114
2024-12-28,Costa da Caparica,21.628654855960136,7.573262800018282,N,2.200839803387568
2024-12-29,Carcavelos,22.52924653975649,13.2705676161539,W,3.443759586649875
2024-12-29,Guincho,12.799600508160465,10.825004202353607,SE,1.5794702484021763
2024-12-29,Costa da Caparica,24.65514130652645,13.344439320755914,NE,3.1440174566868917
2024-12-30,Carcavelos,20.39779789191803,14.432780909364023,W,2.866196596175677
2024-12-30,Guincho,10.87433512489882,13.048710100433818,E,2.4405107227838867
2024-12-30,Costa da Caparica,18.518364178327605,10.295959435760649,S,3.0082578658626087
2024-12-31,Carcavelos,22.96134868306375,14.626404711491787,S,3.166857111448215
2024-12-31,Guincho,21.92881031144184,12.250291860852055,NE,2.890447642025327
2024-12-31,Costa da Caparica,26.78535085477136,12.72702994208898,S,3.0504260682481057
2025-01-01,Carcavelos,28.38242746363319,14.506802606048463,W,3.22867896602708
2025-01-01,Guincho,27.652176512031517,6.121567714773868,NW,2.377071166458792
2025-01-01,Costa da Caparica,5.49489145868136,9.906821109859392,S,1.6386728635933945
2025-01-02,Carcavelos,13.823962586308914,12.212924490496102,N,2.715210167179255
2025-01-02,Guincho,20.137619165396917,8.47131554661392,N,2.298383672635316
2025-01-02,Costa da Caparica,12.14395811481765,10.327668795992626,E,1.9868642903778204
2025-01-03,Carcavelos,10.135035211950733,9.814410414133114,N,2.0517177174351864
2025-01-03,Guincho,21.043359932463957,12.71479148667207,W,2.9027988465650725
2025-01-03,Costa da Caparica,24.63172028790038,12.011026956243285,SE,2.824576316045228
2025-01-04,Carcavelos,11.946319402242809,8.763191084658537,NE,2.095109308265733
2025-01-04,Guincho,7.578034060201895,11.477846943833194,SE,2.0139856999339427
2025-01-04,Costa da Caparica,15.090025059039782,13.37884984834606,NE,2.188357515157466
2025-01-05,Carcavelos,17.992606572362106,6.74042217912348,E,2.1860167404529878
2025-01-05,Guincho,10.133323467669996,10.8303969755889,NW,2.3300550768895665
2025-01-05,Costa da Caparica,22.24447123120303,7.439419135722309,W,2.989427266239666
2025-01-06,Carcavelos,6.9244866766241575,6.75583613854067,SW,1.486818967965157
2025-01-06,Guincho,22.39493694138612,10.580222116682588,E,2.4608427398468065
2025-01-06,Costa da Caparica,21.212620502967205,8.674020278575412,NE,2.1565586573890982
2025-01-07,Carcavelos,19.091499275719052,10.50686474938913,NW,2.941779613469397
2025-01-07,Guincho,20.250185426987144,9.129073942136484,SE,3.072016490020191
2025-01-07,Costa da Caparica,10.327125217120203,15.390570959671871,S,2.2621447191813915
2025-01-08,Carcavelos,10.06581585338358,11.875858711094018,NE,2.0398503477805314
2025-01-08,Guincho,20.687164294606983,9.85613512865648,W,2.477488784549254
2025-01-08,Costa da Caparica,11.32753847949022,10.502542461428902,N,2.333347548615852
2025-01-09,Carcavelos,20.431225521218146,13.39408229831312,SW,2.5926096991513026
2025-01-09,Guincho,29.425173860973587,7.018931008729368,NE,2.422842540222811
2025-01-09,Costa da Caparica,27.251425636631318,6.843013146113504,N,2.898300500772077
2025-01-10,Carcavelos,15.850524317718971,8.58711642155441,S,1.3052585784403634
2025-01-10,Guincho,29.90655716312192,8.291719512141622,E,2.9992342467667075
2025-01-10,Costa da Caparica,20.942206172398382,8.420220799808773,SE,2.565273693864651
2025-01-11,Carcavelos,25.459239162033438,6.500185768211122,SE,2.0844384459985204
2025-01-11,Guincho,5.343638850283631,8.483762603698002,N,1.5416652762739398
2025-01-11,Costa da Caparica,15.61928826062632,8.153443813825525,N,2.3056418647172325
2025-01-12,Carcavelos,21.821791714952,6.811491785362391,NW,2.5026926336226927
2025-01-12,Guincho,14.582105991055034,10.935009921544085,W,2.222654792257882
2025-01-12,Costa da Caparica,18.60634915284244,8.00282017867626,NE,1.7275269333189716
2025-01-13,Carcavelos,29.69148980853129,8.914957409237228,SW,2.9038324159983744
2025-01-13,Guincho,14.277823460753195,15.207666084633573,SW,2.555739216120372
2025-01-13,Costa da Caparica,26.629833684945275,15.15257184917823,S,3.669029153038047
2025-01-14,Carcavelos,21.66157618817089,13.873870267523328,S,3.270264749532804
2025-01-14,Guincho,20.94885656711847,14.336431341439583,NW,2.9099628652342084
2025-01-14,Costa da Caparica,16.063637870368638,12.493223245768815,S,2.4335734692658897
2025-01-15,Carcavelos,17.502002956789568,13.850977140957076,NE,3.17918640578738
2025-01-15,Guincho,5.547833219375224,9.01046077834313,NW,1.4379015929903742
2025-01-15,Costa da Caparica,5.707781860066695,8.100293495162816,N,0.8663608043727354
2025-01-16,Carcavelos,24.11101820188761,10.096710533759929,NE,2.936409358434489
2025-01-16,Guincho,7.797015413728096,11.16424388218611,N,1.9586901557896197
2025-01-16,Costa da Caparica,9.641167622531077,12.642193849889685,W,2.4889456421473253
2025-01-17,Carcavelos,16.155030524438594,14.058445326178331,N,2.877535188084062
2025-01-17,Guincho,12.745171883061724,8.499569463976211,NW,1.5003372663016783
2025-01-17,Costa da Caparica,23.563270821010537,6.766358064752488,NW,2.4608286074717
2025-01-18,Carcavelos,24.73232120799214,9.077958316807456,NW,2.812832507034676
2025-01-18,Guincho,20.805414943848724,9.735201768996877,NE,2.695719328199145
2025-01-18,Costa da Caparica,28.52802031334184,14.763194331423117,S,3.260311117918285
2025-01-19,Carcavelos,18.039984900283955,13.944856336484907,W,3.106420433282641
2025-01-19,Guincho,25.94770937129509,14.58764279349472,E,3.192307269469745
2025-01-19,Costa da Caparica,12.398572221466416,10.591892337325618,W,2.1679056868662987
2025-01-20,Carcavelos,9.48133139348202,12.939495905101568,W,1.4396975703374608
2025-01-20,Guincho,23.515653722359264,14.629723989869625,S,3.013744305034625
2025-01-20,Costa da Caparica,23.31002622645948,11.149333499132595,SW,2.162037024453891
2025-01-21,Carcavelos,15.355023139295758,13.324138648126686,E,2.7654610190488507
2025-01-21,Guincho,11.038421042542044,9.542713272172158,SE,1.7143074455493186
2025-01-21,Costa da Caparica,10.297358261002728,9.110024947326805,W,1.9887044874717423
2025-01-22,Carcavelos,6.44330398062793,9.910328691273984,E,2.172848657172202
2025-01-22,Guincho,19.297805096265016,15.862466719514014,N,2.8141591191781745
2025-01-22,Costa da Caparica,15.394377588083048,10.289443334301442,E,2.0445895143392026
2025-01-23,Carcavelos,23.839865768643826,8.036671377726849,NE,3.0116142895356512
2025-01-23,Guincho,15.298952375852547,14.705269662693842,NE,2.722814166768399
2025-01-23,Costa da Caparica,28.32818086020771,10.390955652508286,NW,3.5349363535993312
2025-01-24,Carcavelos,22.301841175609223,8.062521138361525,S,2.6460711258925347
2025-01-24,Guincho,24.324668032639668,15.514420287256812,N,3.600311945100274
2025-01-24,Costa da Caparica,5.453101026143243,13.927581135728127,N,1.8934422003468347
2025-01-25,Carcavelos,27.140494106044333,8.219004607843729,NE,3.1917409860539
2025-01-25,Guincho,11.331809588067877,6.099787766584494,SE,1.9918977922716423
2025-01-25,Costa da Caparica,16.62638120751611,14.74170682157026,N,3.0517175337272238
2025-01-26,Carcavelos,17.127366499488502,9.336283958368655,N,2.6032540474485506
2025-01-26,Guincho,25.514968941914667,10.045686564040174,W,3.716886172727565
2025-01-26,Costa da Caparica,16.657743903504254,6.756997273097875,SW,1.739472993291424
2025-01-27,Carcavelos,6.049635722739706,10.792600899145375,W,1.6798278225134191
2025-01-27,Guincho,18.54402410668908,15.680658120507587,SE,3.103470770093112
2025-01-27,Costa da Caparica,16.261964286764883,11.133682102249155,SW,2.436706019016633
2025-01-28,Carcavelos,15.83680581889086,15.971823539029504,E,2.8689205022644404
2025-01-28,Guincho,6.750087803326644,13.29234742913643,NW,1.9953268666450017
2025-01-28,Costa da Caparica,6.717841943099025,9.695741994267731,E,1.6696977958213155
2025-01-29,Carcavelos,13.748623488240996,15.292884022620594,SW,2.6777466417799034
2025-01-29,Guincho,10.4416849895134,12.616842883998563,N,2.7176269375241446
2025-01-29,Costa da Caparica,7.384290056826465,7.036785807342765,NW,1.156225617323676
2025-01-30,Carcavelos,6.661583144406803,13.665150495325848,NE,2.561559787623958
2025-01-30,Guincho,13.755074777268256,12.774734148234728,SE,3.2902593135611125
2025-01-30,Costa da Caparica,8.508112954837875,12.711574733796889,NW,1.9562688831262696
2025-01-31,Carcavelos,21.56209867354021,9.469626597345584,SW,2.9769941100120425
2025-01-31,Guincho,23.74944496130177,15.08228488700323,W,2.8172060050136323
2025-01-31,Costa da Caparica,24.35756707361488,14.525849549383429,S,3.767406039892144
2025-02-01,Carcavelos,20.80978310820969,7.564767160036006,NE,2.789125942681796
2025-02-01,Guincho,14.655299820425768,11.885049351589888,N,2.224596226981404
2025-02-01,Costa da Caparica,11.037515699820837,8.149126370363959,SW,1.9864834206646127
2025-02-02,Carcavelos,23.64383447690315,11.579274451507008,NE,3.0368003428578865
2025-02-02,Guincho,22.40390362844813,9.827987644363878,NE,2.772700069759612
2025-02-02,Costa da Caparica,15.777171565582236,11.493426449027575,N,2.4199818000662217
2025-02-03,Carcavelos,11.601549617342968,15.390684794502915,SW,2.667135417049585
2025-02-03,Guincho,25.64794268290076,10.631147138375114,SW,2.3861434290275363
2025-02-03,Costa da Caparica,10.467890324948184,11.953032659274893,SW,2.1717456729242866
2025-02-04,Carcavelos,29.582641420461684,13.86708340707309,NE,3.758335160997824
2025-02-04,Guincho,22.47372071218464,9.683472137943513,SE,2.5352147071794198
2025-02-04,Costa da Caparica,11.600108748986646,10.152409723340403,NW,1.6490762494595002
2025-02-05,Carcavelos,11.084917080463262,11.57337169573008,NW,2.323432921135761
2025-02-05,Guincho,15.724623296022262,8.01065152049945,NW,2.2284507453792988
2025-02-05,Costa da Caparica,13.132265459043694,15.009608956904678,NW,2.4567314811159098
2025-02-06,Carcavelos,23.70011840928509,14.12713619893062,S,3.180285926984665
2025-02-06,Guincho,6.681397849184196,6.949179368216697,SE,1.7097276579911498
2025-02-06,Costa da Caparica,5.1429645340197325,10.658257532231248,W,2.13552962304852
2025-02-07,Carcavelos,6.008770671492493,10.11191517994586,N,1.7228545252641454
2025-02-07,Guincho,5.342463760222864,6.802222464557141,S,1.7771586509215929
2025-02-07,Costa da Caparica,10.800454507720268,6.143814460720851,SW,1.7262808356753492
2025-02-08,Carcavelos,12.723899751703817,7.326445776009532,NW,2.01408730086603
2025-02-08,Guincho,20.488155000907582,11.6339535071264,NW,2.1623921137876625
2025-02-08,Costa da Caparica,14.764840189544554,6.693283303877648,S,1.449299191722195
2025-02-09,Carcavelos,23.9182541767142,10.422938054511352,NE,2.8083306672137183
2025-02-09,Guincho,19.237112104306348,14.68410787941382,E,2.608673918274446
2025-02-09,Costa da Caparica,28.22848800038657,9.419052781054903,S,2.69960755197691
2025-02-10,Carcavelos,16.076484058260526,10.941476706378827,SW,3.0639774938778883
2025-02-10,Guincho,25.11035149193684,13.151001612837,N,3.266965482901903
2025-02-10,Costa da Caparica,25.820797546726894,9.624313226158293,SW,2.755221263951804
2025-02-11,Carcavelos,14.32806546055959,15.416919866580306,S,2.6022773637616976
2025-02-11,Guincho,21.10641809127029,15.74247654144756,SW,3.175600851494552
2025-02-11,Costa da Caparica,11.882205336296504,7.5620656868662195,NW,1.7438022421898018
2025-02-12,Carcavelos,10.104163979206074,6.423422787723839,NE,2.0310493188283028
2025-02-12,Guincho,21.694014790078825,14.373670797701507,SW,3.072789578110648
2025-02-12,Costa da Caparica,5.6241555530014296,7.714341767105427,W,1.4324291621156924
2025-02-13,Carcavelos,25.953874374716065,14.028109348245003,SW,3.2734780245169923
2025-02-13,Guincho,28.83837744628772,14.816156398779976,NE,3.638841734624223
2025-02-13,Costa da Caparica,19.31518082205056,8.770125243259788,SE,2.3942101177964856
2025-02-14,Carcavelos,7.372711031683655,11.940827805697124,SE,1.972603809997964
2025-02-14,Guincho,5.793594134324716,10.233351441531976,SW,1.8750087822989352
2025-02-14,Costa da Caparica,11.15715047026329,12.906797711480069,E,2.5700845444430733
2025-02-15,Carcavelos,10.280795786823276,14.62996831358872,W,2.173127767816992
2025-02-15,Guincho,25.0018358019217,14.845832929211875,N,3.6822804438255896
2025-02-15,Costa da Caparica,29.93094749759007,6.300260053293928,NE,2.886469365287513
2025-02-16,Carcavelos,20.474789117464702,15.40773299689501,S,3.546805031897602
2025-02-16,Guincho,6.559851714956931,9.352790500782955,W,1.158709839319518
2025-02-16,Costa da Caparica,21.73271522904698,14.918931032565624,S,2.703104702963644
2025-02-17,Carcavelos,7.127587152994634,9.855975925133333,NE,1.4838636538648164
2025-02-17,Guincho,16.873774131593706,6.5522252074302845,NW,1.908507292415248
2025-02-17,Costa da Caparica,7.5244526704440275,7.674910890941077,S,1.7438174405999285
2025-02-18,Carcavelos,9.15054559107152,7.144315186123586,SE,1.6781224118322493
2025-02-18,Guincho,11.959212041566415,13.982931972091867,SW,2.119225395818816
2025-02-18,Costa da Caparica,5.51302036823313,14.266183455024889,SE,2.37791658703903
2025-02-19,Carcavelos,13.882993711847192,12.739942081457304,NW,2.5279330867357093
2025-02-19,Guincho,6.911998887482827,15.867291015008488,NW,2.518347997600128
2025-02-19,Costa da Caparica,7.068420890454748,10.845379950800108,W,2.1932798038089327
2025-02-20,Carcavelos,8.899521592473329,10.784961162559618,NE,2.473643606568429
2025-02-20,Guincho,17.637719009746597,7.440787860131996,E,2.0777435041069703
2025-02-20,Costa da Caparica,29.60586248086085,9.957079635737928,W,3.286755279077121
2025-02-21,Carcavelos,6.424468174934207,10.1860727491833,N,1.6778343929473332
2025-02-21,Guincho,18.68093801051608,15.917728809792496,N,2.6982271391052075
2025-02-21,Costa da Caparica,26.55507434145472,9.138754967224706,W,2.7938175587009195
2025-02-22,Carcavelos,24.12900822041916,15.404192073007469,NE,2.9351475484041707
2025-02-22,Guincho,9.87916293046626,10.893925374065889,NW,2.30742772465122
2025-02-22,Costa da Caparica,22.17597876456201,12.580825847491903,N,3.4538069989338265
2025-02-23,Carcavelos,26.49486687029114,10.068048009517236,W,2.617380848236301
2025-02-23,Guincho,17.846268364414946,15.032980143757106,S,3.402664722600245
2025-02-23,Costa da Caparica,28.7861206415773,7.754916273813574,E,2.743090233138912
2025-02-24,Carcavelos,26.74015206186944,10.027758332328998,SE,3.3580282577356684
2025-02-24,Guincho,18.816556694418708,9.721732552468971,NW,2.2120815402213148
2025-02-24,Costa da Caparica,26.367586252329936,7.653022861379613,E,2.463360998677532
2025-02-25,Carcavelos,10.46774500808958,7.828377798688171,NE,1.8702609360572395
2025-02-25,Guincho,19.415350178242942,11.587659446243975,SW,2.8781462841025203
2025-02-25,Costa da Caparica,8.57502806664316,9.745482433795813,E,2.274771028905669
2025-02-26,Carcavelos,19.330579861239787,9.376493019992346,SE,2.141080516708058
2025-02-26,Guincho,21.819115360311667,8.20504263435647,SW,3.155276857064204
2025-02-26,Costa da Caparica,19.723326873639103,13.516761720229193,S,3.517996574234341
2025-02-27,Carcavelos,26.76672585313794,13.925948132091348,SE,2.835134531732103
2025-02-27,Guincho,11.634252790049386,11.543374743403447,S,2.0536655796572587
2025-02-27,Costa da Caparica,7.344413156425412,10.86130485214924,NE,2.163727810789213
2025-02-28,Carcavelos,24.64531613670933,11.899478828018088,S,2.9766964095133286
2025-02-28,Guincho,16.65748532349547,13.605756424552824,NW,3.105084962601767
2025-02-28,Costa da Caparica,17.823054119369143,13.04083271321339,S,2.8774096133948177
2025-03-01,Carcavelos,24.236222352051172,9.978657030174272,SW,3.316756990882729
2025-03-01,Guincho,24.072333388859104,6.45452500435796,N,2.264439163867565
2025-03-01,Costa da Caparica,17.764518936488997,12.151291405411998,N,3.063664147397956
2025-03-02,Carcavelos,8.08502038013991,12.26322351656195,SW,2.077282359047578
2025-03-02,Guincho,18.778999047909306,10.381786132483445,SW,2.243911542886138
2025-03-02,Costa da Caparica,13.40017647475272,10.656825417622796,S,2.443688772599696
2025-03-03,Carcavelos,7.789824998931187,12.083195000077716,NW,2.1652653947680225
2025-03-03,Guincho,20.26926826712597,7.998412712819395,E,2.45894404203226
2025-03-03,Costa da Caparica,23.769241230276396,7.254862967991507,N,2.497534115932746
2025-03-04,Carcavelos,26.41233506906434,14.3506594545502,NW,2.827482622053598
2025-03-04,Guincho,14.683062949382853,6.661651888344404,S,1.7706812235063671
2025-03-04,Costa da Caparica,7.188716600694516,8.828011306704997,E,2.2116228830534506
2025-03-05,Carcavelos,13.627093637830844,6.301038722113189,E,2.173993706508307
2025-03-05,Guincho,21.33458746196701,7.923098960336275,SE,2.869887370934761
2025-03-05,Costa da Caparica,26.202730875390756,15.471614629002476,E,2.699023533606126
2025-03-06,Carcavelos,27.82327511936725,9.397702422988438,S,2.858791285458717
2025-03-06,Guincho,5.257112398392301,13.160499732421446,N,1.8348424668423835
2025-03-06,Costa da Caparica,24.86202044633765,8.781291554866124,SW,2.0405547739483767
2025-03-07,Carcavelos,6.9734850736638885,10.427981365437375,N,1.9901004803297853
2025-03-07,Guincho,28.47491055214944,10.528137142109168,SW,2.984900116540371
2025-03-07,Costa da Caparica,6.545211517230566,6.923605281113785,NW,1.2145101031554724
2025-03-08,Carcavelos,13.535631740107458,10.487788039946148,W,2.507937747438427
2025-03-08,Guincho,17.53794900875416,8.466586158054065,SW,1.8294715224193945
2025-03-08,Costa da Caparica,9.42981252527978,8.942667366371143,E,2.121899931593824
2025-03-09,Carcavelos,23.92620286746564,6.556055216804606,W,2.683970719710689
2025-03-09,Guincho,11.236455107330809,13.171205684721937,W,2.344725572127027
2025-03-09,Costa da Caparica,27.114672205740344,14.955628481318389,W,3.038296005503756
2025-03-10,Carcavelos,7.676429463854651,10.400580465093988,NE,1.604989522894633
2025-03-10,Guincho,9.61581143368423,9.42107620863594,N,1.990850787449409
2025-03-10,Costa da Caparica,9.333576324382022,10.858174289126314,SE,2.1290122497986053
2025-03-11,Carcavelos,12.198633566899812,10.928195845328249,NE,2.327270791358611
2025-03-11,Guincho,20.80595377169652,11.836050370080995,NE,2.5306889208790886
2025-03-11,Costa da Caparica,18.66739205180325,15.024130332861034,NW,2.662066400122549
2025-03-12,Carcavelos,26.825484850742903,11.231430206971652,NW,3.020957581954194
2025-03-12,Guincho,27.459661664600876,9.995187845869347,N,3.116752712816684
2025-03-12,Costa da Caparica,7.468430172066647,6.7566110390411085,S,1.334427566729947
2025-03-13,Carcavelos,7.967727387727787,15.805682270607235,S,2.575694666747637
2025-03-13,Guincho,24.587502021131417,12.99705206099476,E,2.962160196511825
2025-03-13,Costa da Caparica,21.467940968175554,11.322918759514543,SE,2.793585386860726
2025-03-14,Carcavelos,23.704020659692137,11.61255678074924,S,2.959741062958213
2025-03-14,Guincho,25.46850573710127,15.835672065136633,N,3.184628400528563
2025-03-14,Costa da Caparica,7.892532954507554,6.272500119508151,N,1.395917621350297
2025-03-15,Carcavelos,16.448224860850697,8.265216260361058,W,1.825983688555748
2025-03-15,Guincho,22.21906352028413,14.977435665097254,W,3.175082579043092
2025-03-15,Costa da Caparica,25.517404019169483,10.773503981224014,S,2.706703079835766
2025-03-16,Carcavelos,6.294647218320422,11.573105753143086,S,2.098078335705922
2025-03-16,Guincho,7.117208546882671,10.666931208844083,SW,1.962429140753624
2025-03-16,Costa da Caparica,9.566809605991704,7.395988673598001,W,1.968583114206253
2025-03-17,Carcavelos,25.590590268724338,9.84611075978768,N,2.5031465316725123
2025-03-17,Guincho,5.41890761230956,12.791991512011696,NE,1.852256641498674
2025-03-17,Costa da Caparica,22.09666129588358,11.315721526867312,NE,2.683670640950949
2025-03-18,Carcavelos,11.244304061162994,12.541601542860985,NE,2.438856849614857
2025-03-18,Guincho,29.278772684207144,11.621888110645251,SW,2.9941385715529094
2025-03-18,Costa da Caparica,10.97856363586308,11.123003468870806,W,2.326138354173536
2025-03-19,Carcavelos,28.462053955353863,12.617777324716386,N,2.817685810216381
2025-03-19,Guincho,22.03382533103372,15.401831912520828,SE,3.344583542622085
2025-03-19,Costa da Caparica,25.36677511774973,12.118310201032214,N,3.458984323409375
2025-03-20,Carcavelos,18.291525594112077,11.377829347413766,S,2.445337645469272
2025-03-20,Guincho,6.752703491031424,9.95259315431158,SE,1.6957752281694247
2025-03-20,Costa da Caparica,27.681223608910145,7.562837095497763,NE,2.656748712539812
2025-03-21,Carcavelos,9.205091394162956,14.79330215678474,W,2.354154692125463
2025-03-21,Guincho,29.21686513935893,8.623429667809457,W,2.633740803943302
2025-03-21,Costa da Caparica,10.511150106135474,14.861817721293452,NW,1.834899585188236
2025-03-22,Carcavelos,12.914668997716278,8.856995940447646,SW,1.832475009417971
2025-03-22,Guincho,23.809947057594695,11.31294018350932,S,2.675185082185364
2025-03-22,Costa da Caparica,16.09759580799779,14.935945864501315,W,3.203212281300543
2025-03-23,Carcavelos,25.8232428893557,11.402965317903073,NE,2.8124351825597804
2025-03-23,Guincho,24.203204459522052,11.00477315866718,NE,2.730904829906538
2025-03-23,Costa da Caparica,26.105308132153574,10.84020572509404,NW,3.039109299875464
2025-03-24,Carcavelos,10.38011199332982,14.843551504557537,W,2.419187746738802
2025-03-24,Guincho,11.7999651336089,6.063790434065907,N,1.3767168931179523
2025-03-24,Costa da Caparica,10.847423286805087,8.108862276807882,NW,2.211208651513586
2025-03-25,Carcavelos,21.7773289271494,14.05430043045979,SW,2.9011865759458284
2025-03-25,Guincho,20.483586353422787,10.544031544799529,NE,2.2879036676765176
2025-03-25,Costa da Caparica,5.644239969108779,12.035288065011208,W,1.284414354926014
2025-03-26,Carcavelos,12.612313318723771,7.980955167202896,NE,1.5186916626116065
2025-03-26,Guincho,20.568835080996028,8.226760791230848,W,2.606821383111417
2025-03-26,Costa da Caparica,24.407261937898696,7.305012641171842,NW,2.4489604346902687
2025-03-27,Carcavelos,15.453619704069991,13.572829782755008,SW,2.9128178149988195
2025-03-27,Guincho,13.513620886997424,14.049637303992546,N,2.9137494687234136
2025-03-27,Costa da Caparica,21.542967066098917,12.024494419665878,NE,2.767846084089668
2025-03-28,Carcavelos,25.753774574947958,15.482515377900793,W,3.317173740740965
2025-03-28,Guincho,8.38648841986727,8.314752137652981,NW,1.7033204703374645
2025-03-28,Costa da Caparica,26.44887727287643,13.311573444549172,NW,3.145854852584231
2025-03-29,Carcavelos,5.282563414725562,13.873719581492727,W,2.398492964516806
2025-03-29,Guincho,14.102819375262486,11.662150157526169,SW,2.056392212247915
2025-03-29,Costa da Caparica,18.604966562592555,8.752391810370083,E,2.7747683648504453
2025-03-30,Carcavelos,8.299132990599043,11.131830837567788,W,2.1514477297323498
2025-03-30,Guincho,6.264327595605721,10.261212379522307,SW,1.698770371834759
2025-03-30,Costa da Caparica,12.938864496737544,8.593884007431964,NW,1.8362353828372455
2025-03-31,Carcavelos,28.25996050423314,6.953609212730036,SE,2.6508945726227413
2025-03-31,Guincho,12.18316791272255,8.79745967769071,SW,1.83772852199292
2025-03-31,Costa da Caparica,23.81170843966236,6.512938489812155,SE,2.583229587749021
2025-04-01,Carcavelos,17.10977964002123,12.938055569674118,SE,2.92411950622747
2025-04-01,Guincho,9.034183959709578,11.719958782835928,NW,2.281966223873076
2025-04-01,Costa da Caparica,18.685371009493142,13.339053770018694,W,2.6897342362807657
2025-04-02,Carcavelos,14.02686815852593,10.084555814084826,NW,2.32569135386904
2025-04-02,Guincho,19.62096579222205,9.375324658838188,NE,2.302210992889704
2025-04-02,Costa da Caparica,9.835883573912064,12.415044812562517,S,1.8451528394105283
2025-04-03,Carcavelos,12.79779763841763,7.221115159242879,E,1.4917650573424484
2025-04-03,Guincho,15.282599301655782,8.405315851801486,W,1.973085837057535
2025-04-03,Costa da Caparica,18.63955304480166,7.0559154597664,S,2.244078677667974
2025-04-04,Carcavelos,8.907924267721521,13.379509473975922,S,2.35711620885754
2025-04-04,Guincho,7.932003695011126,7.690617784397163,W,0.7797394329948916
2025-04-04,Costa da Caparica,21.48557405204994,11.778070502510849,S,2.6420374530814583
2025-04-05,Carcavelos,16.16104804491372,12.18772077041005,NW,2.976157441659298
2025-04-05,Guincho,19.1057954171134,14.50574528015116,SW,2.888905333856882
2025-04-05,Costa da Caparica,11.97345190183692,7.291744452431104,S,1.7130314026873892
2025-04-06,Carcavelos,24.487917535601586,6.162003973394672,NE,2.28179422407804
2025-04-06,Guincho,17.305807879560206,7.950089804386158,W,1.6615114777412194
2025-04-06,Costa da Caparica,10.25796390714484,13.653633638580407,NE,2.463338562672133
2025-04-07,Carcavelos,6.5251785751348725,8.878312988516058,NE,2.4631355797152983
2025-04-07,Guincho,21.845972456750115,14.468872244289528,SE,2.737305040968813
2025-04-07,Costa da Caparica,5.4596535537899324,10.640666894045047,NE,1.7338565456638626
2025-04-08,Carcavelos,10.833320566233166,12.25330169954454,N,1.8913438640268108
2025-04-08,Guincho,21.260631220596608,8.123339742868913,N,2.605108382714587
2025-04-08,Costa da Caparica,26.23616015564339,6.449968212354244,N,1.9785062810331568
2025-04-09,Carcavelos,8.159660560141678,6.278439075774134,NE,2.043896876442985
2025-04-09,Guincho,7.039968000120959,8.58591591134784,SE,2.1694000336452754
2025-04-09,Costa da Caparica,21.82117833721362,13.242545274991333,SW,2.886727840216313
2025-04-10,Carcavelos,12.398300735915402,12.638244748527253,SW,2.7605313877778417
2025-04-10,Guincho,19.80042106972657,7.659010243707862,W,2.130173495306923
2025-04-10,Costa da Caparica,17.50696338019401,6.693940859041834,SW,2.157638788023239
